piece	TimeSig	KeySig	last_mc	last_mn	length_qb	last_mc_unfolded	last_mn_unfolded	length_qb_unfolded	volta_mcs	all_notes_qb	n_onsets	n_onset_positions	guitar_chord_count	form_label_count	label_count	annotated_key	harmony_version	annotators	composed_start	composed_end	composed_source	composer	workTitle	movementNumber	movementTitle	workNumber	poet	lyricist	arranger	copyright	creationDate	mscVersion	platform	source	translator	title_text	subtitle_text	lyricist_text	composer_text	musescore	ms3_version	subdirectory	rel_path	has_drumset	ambitus	originalFormat	P86 (composer)	wikidata	viaf	musicbrainz	imslp	pdf	staff_1_ambitus	staff_1_instrument
BWV1001_01_Adagio	1: 4/4	1: -1	22	22	88.0	22	22	88.0		157.5	526	420	0	0	95	g	2.3.0	Adrian Nagel	1720	1720	https://en.wikipedia.org/wiki/Sonatas_and_Partitas_for_Solo_Violin_(Bach)	Johann Sebastian Bach	Sonata No. 1 in G minor	1	Adagio	BWV 1001					2020-02-19	3.02	Linux			1. Adagio	from: Sonata No. 1 in G minor, BWV 1001		Johann Sebastian Bach	3.6.2	2.5.2	MS3	MS3/BWV1001_01_Adagio.mscx	False	55-82 (G3-Bb5)	cap	Q1339	https://www.wikidata.org/wiki/Q20646569	https://viaf.org/viaf/178649074/	https://musicbrainz.org/work/a7c0ad42-a277-35c3-973f-e69c2214263d	https://imslp.org/wiki/Violin_Sonata_No.1_in_G_minor,_BWV_1001_(Bach,_Johann_Sebastian)	https://imslp.org/wiki/Special:ReverseLookup/497205	55-82 (G3-Bb5)	Violin
BWV1001_02_Fuga	1: 2/2	1: -1	94	94	376.0	94	94	376.0		642.5	1619	1143	0	0	324	g	2.3.0	Adrian Nagel	1720	1720	https://en.wikipedia.org/wiki/Sonatas_and_Partitas_for_Solo_Violin_(Bach)	Johann Sebastian Bach	Sonata No. 1 in G minor	2	Fuga (Allegro)	BWV 1001					2020-02-19	3.02	Linux			2. Fuga (Allegro)	from: Sonata No. 1 in G minor, BWV 1001		Johann Sebastian Bach	3.6.2	2.5.2	MS3	MS3/BWV1001_02_Fuga.mscx	False	55-89 (G3-F6)	cap	Q1339	https://www.wikidata.org/wiki/Q20646569	https://viaf.org/viaf/178649074/	https://musicbrainz.org/work/20a9c7e7-6d81-3e11-b886-566906b758b8	https://imslp.org/wiki/Violin_Sonata_No.1_in_G_minor,_BWV_1001_(Bach,_Johann_Sebastian)	https://imslp.org/wiki/Special:ReverseLookup/497205	55-89 (G3-F6)	Violin
BWV1001_03_Siciliano	1: 12/8	1: -1	20	20	120.0	20	20	120.0		196.0	511	356	0	0	113	Bb	2.3.0	Adrian Nagel	1720	1720	https://en.wikipedia.org/wiki/Sonatas_and_Partitas_for_Solo_Violin_(Bach)	Johann Sebastian Bach	Sonata No. 1 in G minor	3	Siciliana	BWV 1001					2020-02-19	3.02	Linux			3. Siciliana	from: Sonata No. 1 in G minor, BWV 1001		Johann Sebastian Bach	3.6.2	2.5.2	MS3	MS3/BWV1001_03_Siciliano.mscx	False	55-86 (G3-D6)	cap	Q1339	https://www.wikidata.org/wiki/Q20646569	https://viaf.org/viaf/178649074/	https://musicbrainz.org/work/b89f8b50-b671-3bc8-9640-c1cf23ce157b	https://imslp.org/wiki/Violin_Sonata_No.1_in_G_minor,_BWV_1001_(Bach,_Johann_Sebastian)	https://imslp.org/wiki/Special:ReverseLookup/497205	55-86 (G3-D6)	Violin
BWV1001_04_Presto	1: 3/8	1: -1	136	136	204.0	272	272	408.0		214.0	812	802	0	0	213	g	2.3.0	Adrian Nagel	1720	1720	https://en.wikipedia.org/wiki/Sonatas_and_Partitas_for_Solo_Violin_(Bach)	Johann Sebastian Bach	Sonata No. 1 in G minor	4	Presto	BWV 1001					2020-02-19	3.02	Linux			4. Presto	from: Sonata No. 1 in G minor, BWV 1001		Johann Sebastian Bach	3.6.2	2.5.2	MS3	MS3/BWV1001_04_Presto.mscx	False	55-86 (G3-D6)	cap	Q1339	https://www.wikidata.org/wiki/Q20646569	https://viaf.org/viaf/178649074/	https://musicbrainz.org/work/d3c98683-e7ed-33e9-be1d-e577f54bf16f	https://imslp.org/wiki/Violin_Sonata_No.1_in_G_minor,_BWV_1001_(Bach,_Johann_Sebastian)	https://imslp.org/wiki/Special:ReverseLookup/497205	55-86 (G3-D6)	Violin
BWV1002_01_Allemanda	1: 4/4	1: 2	27	24	104.25	49	48	192.25	[[[13], [14]], [[26], [27]]]	149.63	536	460	0	0	97	b	2.3.0	Adrian Nagel	1720	1720	https://en.wikipedia.org/wiki/Sonatas_and_Partitas_for_Solo_Violin_(Bach)	Johann Sebastian Bach	Partita No. 1 in B minor	1	Allemanda	BWV 1002					2020-02-19	3.02	Linux			1. Allemanda	from: Partita No. 1 in B minor, BWV 1002		Johann Sebastian Bach	3.6.2	2.5.2	MS3	MS3/BWV1002_01_Allemanda.mscx	False	55-86 (G3-D6)	cap	Q1339	https://www.wikidata.org/wiki/Q7140627	https://viaf.org/viaf/178649074/	https://musicbrainz.org/work/0d94a02f-68d6-308f-bb9c-285df919ea02	https://imslp.org/wiki/Violin_Partita_No.1_in_B_minor,_BWV_1002_(Bach,_Johann_Sebastian)	https://imslp.org/wiki/Special:ReverseLookup/497205	55-86 (G3-D6)	Violin
BWV1002_02_Double	1: 2/2	1: 2	26	24	96.0	52	48	192.0		96.0	380	380	0	0	87	b	2.3.0	Adrian Nagel	1720	1720	https://en.wikipedia.org/wiki/Sonatas_and_Partitas_for_Solo_Violin_(Bach)	Johann Sebastian Bach	Partita No. 1 in B minor	2	Double	BWV 1002					2020-02-19	3.02	Linux			2. Double	from: Partita No. 1 in B minor, BWV 1002		Johann Sebastian Bach	3.6.2	2.5.2	MS3	MS3/BWV1002_02_Double.mscx	False	55-86 (G3-D6)	cap	Q1339	https://www.wikidata.org/wiki/Q7140627	https://viaf.org/viaf/178649074/	https://musicbrainz.org/work/d626b918-56e7-3d5a-9b4d-be6fedfe0288	https://imslp.org/wiki/Violin_Partita_No.1_in_B_minor,_BWV_1002_(Bach,_Johann_Sebastian)	https://imslp.org/wiki/Special:ReverseLookup/497205	55-86 (G3-D6)	Violin
BWV1002_03_Corrente	1: 3/4	1: 2	82	80	240.0	164	160	480.0		240.5	476	474	0	0	109	b	2.3.0	Adrian Nagel	1720	1720	https://en.wikipedia.org/wiki/Sonatas_and_Partitas_for_Solo_Violin_(Bach)	Johann Sebastian Bach	Partita No. 1 in B minor	3	Corrente	BWV 1002					2020-02-19	3.02	Linux			3. Corrente	from: Partita No. 1 in B minor, BWV 1002		Johann Sebastian Bach	3.6.2	2.5.2	MS3	MS3/BWV1002_03_Corrente.mscx	False	55-86 (G3-D6)	cap	Q1339	https://www.wikidata.org/wiki/Q7140627	https://viaf.org/viaf/178649074/	https://musicbrainz.org/work/042655ab-73f8-3330-bc76-f78a0a6b246c	https://imslp.org/wiki/Violin_Partita_No.1_in_B_minor,_BWV_1002_(Bach,_Johann_Sebastian)	https://imslp.org/wiki/Special:ReverseLookup/497205	55-86 (G3-D6)	Violin
BWV1002_04_Double	1: 3/4	1: 2	82	80	240.0	164	160	480.0		240.0	955	955	0	0	121	b	2.3.0	Adrian Nagel	1720	1720	https://en.wikipedia.org/wiki/Sonatas_and_Partitas_for_Solo_Violin_(Bach)	Johann Sebastian Bach	Partita No. 1 in B minor	4	Double (Presto)	BWV 1002					2020-02-19	3.02	Linux			4. Double (Presto)	from: Partita No. 1 in B minor, BWV 1002		Johann Sebastian Bach	3.6.2	2.5.2	MS3	MS3/BWV1002_04_Double.mscx	False	56-88 (G#3-E6)	cap	Q1339	https://www.wikidata.org/wiki/Q7140627	https://viaf.org/viaf/178649074/	https://musicbrainz.org/work/eac41a90-ba07-3a21-9c3f-2bd0191cfb0c	https://imslp.org/wiki/Violin_Partita_No.1_in_B_minor,_BWV_1002_(Bach,_Johann_Sebastian)	https://imslp.org/wiki/Special:ReverseLookup/497205	56-88 (G#3-E6)	Violin
BWV1002_05_Sarabande	1: 3/4	1: 2	33	32	99.0	64	64	192.0	[[[8], [9]]]	240.5	268	146	0	0	68	b	2.3.0	Adrian Nagel	1720	1720	https://en.wikipedia.org/wiki/Sonatas_and_Partitas_for_Solo_Violin_(Bach)	Johann Sebastian Bach	Partita No. 1 in B minor	5	Sarabande	BWV 1002					2020-02-19	3.02	Linux			5. Sarabande	from: Partita No. 1 in B minor, BWV 1002		Johann Sebastian Bach	3.6.2	2.5.2	MS3	MS3/BWV1002_05_Sarabande.mscx	False	55-84 (G3-C6)	cap	Q1339	https://www.wikidata.org/wiki/Q7140627	https://viaf.org/viaf/178649074/	https://musicbrainz.org/work/ec70bb59-0aab-3da8-8264-287b23d4a5de	https://imslp.org/wiki/Violin_Partita_No.1_in_B_minor,_BWV_1002_(Bach,_Johann_Sebastian)	https://imslp.org/wiki/Special:ReverseLookup/497205	55-84 (G3-C6)	Violin
BWV1002_06_Double	1: 9/8	1: 2	34	32	153.0	64	64	288.0	[[[8], [9]], [[33], [34]]]	153.0	299	299	0	0	56	b	2.3.0	Adrian Nagel	1720	1720	https://en.wikipedia.org/wiki/Sonatas_and_Partitas_for_Solo_Violin_(Bach)	Johann Sebastian Bach	Partita No. 1 in B minor	6	Double	BWV 1002					2020-02-19	3.02	Linux			6. Double	from: Partita No. 1 in B minor, BWV 1002		Johann Sebastian Bach	3.6.2	2.5.2	MS3	MS3/BWV1002_06_Double.mscx	False	55-85 (G3-C#6)	cap	Q1339	https://www.wikidata.org/wiki/Q7140627	https://viaf.org/viaf/178649074/	https://musicbrainz.org/work/a0fa9f38-f167-39b3-8a95-7c8cd820d26c	https://imslp.org/wiki/Violin_Partita_No.1_in_B_minor,_BWV_1002_(Bach,_Johann_Sebastian)	https://imslp.org/wiki/Special:ReverseLookup/497205	55-85 (G3-C#6)	Violin
BWV1002_07_TempoDiBorea	1: 2/2	1: 2	70	68	272.0	140	136	544.0		429.0	534	388	0	0	101	b	2.3.0	Adrian Nagel	1720	1720	https://en.wikipedia.org/wiki/Sonatas_and_Partitas_for_Solo_Violin_(Bach)	Johann Sebastian Bach	Partita No. 1 in B minor	7	Tempo di Borea	BWV 1002					2020-02-19	3.02	Linux			7. Tempo di Borea	from: Partita No. 1 in B minor, BWV 1002		Johann Sebastian Bach	3.6.2	2.5.2	MS3	MS3/BWV1002_07_TempoDiBorea.mscx	False	55-88 (G3-E6)	cap	Q1339	https://www.wikidata.org/wiki/Q7140627	https://viaf.org/viaf/178649074/	https://musicbrainz.org/work/993d60c6-304b-3db3-8009-ed4042d6c07b	https://imslp.org/wiki/Violin_Partita_No.1_in_B_minor,_BWV_1002_(Bach,_Johann_Sebastian)	https://imslp.org/wiki/Special:ReverseLookup/497205	55-88 (G3-E6)	Violin
BWV1002_08_Double	1: 2/2	1: 2	70	68	272.0	140	136	544.0		283.0	554	541	0	0	104	b	2.3.0	Adrian Nagel	1720	1720	https://en.wikipedia.org/wiki/Sonatas_and_Partitas_for_Solo_Violin_(Bach)	Johann Sebastian Bach	Partita No. 1 in B minor	8	Double	BWV 1002					2020-02-19	3.02	Linux			8. Double	from: Partita No. 1 in B minor, BWV 1002		Johann Sebastian Bach	3.6.2	2.5.2	MS3	MS3/BWV1002_08_Double.mscx	False	55-88 (G3-E6)	cap	Q1339	https://www.wikidata.org/wiki/Q7140627	https://viaf.org/viaf/178649074/	https://musicbrainz.org/work/0cfc2216-22ae-3f9b-be8d-ff971304f6e0	https://imslp.org/wiki/Violin_Partita_No.1_in_B_minor,_BWV_1002_(Bach,_Johann_Sebastian)	https://imslp.org/wiki/Special:ReverseLookup/497205	55-88 (G3-E6)	Violin
BWV1003_01_Grave	1: 4/4	1: 0	23	23	92.0	23	23	92.0		142.25	543	463	0	0	91	a	2.3.0	Adrian Nagel	1720	1720	https://en.wikipedia.org/wiki/Sonatas_and_Partitas_for_Solo_Violin_(Bach)	Johann Sebastian Bach	Sonata No. 2 in A minor	1	Grave	BWV 1003					2021-02-10		Apple Macintosh			1. Grave	from: Sonata No. 2 in A minor, BWV 1003		Johann Sebastian Bach	3.6.2	2.5.2	MS3	MS3/BWV1003_01_Grave.mscx	False	55-86 (G3-D6)		Q1339	https://www.wikidata.org/wiki/Q20646570	https://viaf.org/viaf/178649074/	https://musicbrainz.org/work/43948599-1cdf-3c16-9331-2557ec13f967	https://imslp.org/wiki/Violin_Sonata_No.2_in_A_minor,_BWV_1003_(Bach,_Johann_Sebastian)	https://imslp.org/wiki/Special:ReverseLookup/497205	55-86 (G3-D6)	Violin
BWV1003_02_Fuga	1: 2/4	1: 0	289	289	578.0	289	289	578.0		960.5	2358	1699	0	0	479	a	2.3.0	Adrian Nagel	1720	1720	https://en.wikipedia.org/wiki/Sonatas_and_Partitas_for_Solo_Violin_(Bach)	Johann Sebastian Bach	Sonata No. 2 in A minor	2	Fuga	BWV 1003					2021-02-10		Apple Macintosh			2. Fuga	from: Sonata No. 2 in A minor, BWV 1003		Johann Sebastian Bach	3.6.2	2.5.2	MS3	MS3/BWV1003_02_Fuga.mscx	False	55-86 (G3-D6)		Q1339	https://www.wikidata.org/wiki/Q20646570	https://viaf.org/viaf/178649074/	https://musicbrainz.org/work/27565303-89f8-39ca-9be5-ab5150f8be7b	https://imslp.org/wiki/Violin_Sonata_No.2_in_A_minor,_BWV_1003_(Bach,_Johann_Sebastian)	https://imslp.org/wiki/Special:ReverseLookup/497205	55-86 (G3-D6)	Violin
BWV1003_03_Andante	1: 3/4	1: 0	29	26	87.0	52	52	156.0	[[[11], [12]], [[27, 28], [29]]]	181.25	424	271	0	0	79	C	2.3.0	Adrian Nagel	1720	1720	https://en.wikipedia.org/wiki/Sonatas_and_Partitas_for_Solo_Violin_(Bach)	Johann Sebastian Bach	Sonata No. 2 in A minor	3	Andante	BWV 1003					2021-02-11		Apple Macintosh			3. Andante	from: Sonata No. 2 in A minor, BWV 1003		Johann Sebastian Bach	3.6.2	2.5.2	MS3	MS3/BWV1003_03_Andante.mscx	False	55-84 (G3-C6)		Q1339	https://www.wikidata.org/wiki/Q20646570	https://viaf.org/viaf/178649074/	https://musicbrainz.org/work/bbd1a422-e55d-3c92-8465-ebacefb65464	https://imslp.org/wiki/Violin_Sonata_No.2_in_A_minor,_BWV_1003_(Bach,_Johann_Sebastian)	https://imslp.org/wiki/Special:ReverseLookup/497205	55-84 (G3-C6)	Violin
BWV1003_04_Allegro	1: 2/2	1: 0	58	58	232.0	116	116	464.0		233.0	1021	1020	0	0	206	a	2.3.0	Adrian Nagel	1720	1720	https://en.wikipedia.org/wiki/Sonatas_and_Partitas_for_Solo_Violin_(Bach)	Johann Sebastian Bach	Sonata No. 2 in A minor	4	Allegro	BWV 1003					2020-02-19	3.02	Linux			4. Allegro	from: Sonata No. 2 in A minor, BWV 1003		Johann Sebastian Bach	3.6.2	2.5.2	MS3	MS3/BWV1003_04_Allegro.mscx	False	55-88 (G3-E6)	cap	Q1339	https://www.wikidata.org/wiki/Q20646570	https://viaf.org/viaf/178649074/	https://musicbrainz.org/work/d7a3733a-f059-3a8a-bc46-0ceff4f86e94	https://imslp.org/wiki/Violin_Sonata_No.2_in_A_minor,_BWV_1003_(Bach,_Johann_Sebastian)	https://imslp.org/wiki/Special:ReverseLookup/497205	55-88 (G3-E6)	Violin
BWV1004_01_Allemande	1: 4/4	1: -1	34	32	128.0	68	64	256.0		133.5	545	541	0	0	91	d	2.3.0	Adrian Nagel	1720	1720	https://en.wikipedia.org/wiki/Sonatas_and_Partitas_for_Solo_Violin_(Bach)	Johann Sebastian Bach	Partita No. 2 in D minor	1	Allemanda	BWV 1004					2020-02-19	3.02	Linux			1. Allemanda	from: Partita No. 2 in D minor, BWV 1004		Johann Sebastian Bach	3.6.2	2.5.2	MS3	MS3/BWV1004_01_Allemande.mscx	False	56-86 (G#3-D6)	cap	Q1339	https://www.wikidata.org/wiki/Q625094	https://viaf.org/viaf/185496649	https://musicbrainz.org/work/01c608ed-fe23-3562-9f56-91ea5b6eeb9e	https://imslp.org/wiki/Violin_Partita_No.2_in_D_minor,_BWV_1004_(Bach,_Johann_Sebastian)	https://imslp.org/wiki/Special:ReverseLookup/497205	56-86 (G#3-D6)	Violin
BWV1004_02_Courante	1: 3/4	1: -1	56	54	162.0	112	108	324.0		170.0	433	425	0	0	73	d	2.3.0	Adrian Nagel	1720	1720	https://en.wikipedia.org/wiki/Sonatas_and_Partitas_for_Solo_Violin_(Bach)	Johann Sebastian Bach	Partita No. 2 in D minor	2	Corrente	BWV 1004					2020-02-19	3.02	Linux			2. Corrente	from: Partita No. 2 in D minor, BWV 1004		Johann Sebastian Bach	3.6.2	2.5.2	MS3	MS3/BWV1004_02_Courante.mscx	False	55-86 (G3-D6)	cap	Q1339	https://www.wikidata.org/wiki/Q625094	https://viaf.org/viaf/185496649	https://musicbrainz.org/work/b865d91d-82ac-308f-8d14-dbecca400e14	https://imslp.org/wiki/Violin_Partita_No.2_in_D_minor,_BWV_1004_(Bach,_Johann_Sebastian)	https://imslp.org/wiki/Special:ReverseLookup/497205	55-86 (G3-D6)	Violin
BWV1005_02_Fuga	1: 2/2	1: 0	355	354	1416.0	355	354	1416.0		2831.5	3051	2135	0	0	748	C	2.3.0	Adrian Nagel	1720	1720	https://en.wikipedia.org/wiki/Sonatas_and_Partitas_for_Solo_Violin_(Bach)	Johann Sebastian Bach	Sonata No. 3 in C major	2	Fuga	BWV 1005					2020-02-19	3.02	Linux			2. Fuga	from: Sonata No. 3 in C major, BWV 1005		Johann Sebastian Bach	3.6.2	2.5.2	MS3	MS3/BWV1005_02_Fuga.mscx	False	55-91 (G3-G6)	cap	Q1339	https://www.wikidata.org/wiki/Q20646571	https://viaf.org/viaf/178649074/	https://musicbrainz.org/work/8897bf32-98b8-3d64-be4b-123d082d53bd	https://imslp.org/wiki/Violin_Sonata_No.3_in_C_major,_BWV_1005_(Bach,_Johann_Sebastian)	https://imslp.org/wiki/Special:ReverseLookup/497205	55-91 (G3-G6)	Violin
BWV1006_04_Menuett	1: 3/4	1: 4	66	66	198.0	132	132	396.0		302.5	398	314	0	0	125	E	2.3.0	Adrian Nagel	1720	1720	https://en.wikipedia.org/wiki/Sonatas_and_Partitas_for_Solo_Violin_(Bach)	Johann Sebastian Bach	Partita No. 3 in E major	4	Menuet	BWV 1006					2020-02-19	3.02	Linux			4. Menuet	from: Partita No. 3 in E major, BWV 1006		Johann Sebastian Bach	3.6.2	2.5.2	MS3	MS3/BWV1006_04_Menuett.mscx	False	56-83 (G#3-B5)	cap	Q1339	https://www.wikidata.org/wiki/Q2247608	https://viaf.org/viaf/175022438	https://musicbrainz.org/work/88cf15bd-c7cd-3d48-8179-99d16018e7aa	https://imslp.org/wiki/Violin_Partita_No.3_in_E_major,_BWV_1006_(Bach,_Johann_Sebastian)	https://imslp.org/wiki/Special:ReverseLookup/497205	56-83 (G#3-B5)	Violin
BWV1006_05_Bourée	1: 2/2	1: 4	38	38	144.0	76	76	288.0		151.0	275	268	0	0	57	E	2.3.0	Adrian Nagel	1720	1720	https://en.wikipedia.org/wiki/Sonatas_and_Partitas_for_Solo_Violin_(Bach)	Johann Sebastian Bach	Partita No. 3 in E major	5	Bourrée	BWV 1006					2020-02-19	3.02	Linux			5. Bourrée	from: Partita No. 3 in E major, BWV 1006		Johann Sebastian Bach	3.6.0	2.5.2	MS3	MS3/BWV1006_05_Bourée.mscx	False	59-83 (B3-B5)	cap	Q1339	https://www.wikidata.org/wiki/Q2247608	https://viaf.org/viaf/175022438	https://musicbrainz.org/work/02196afe-1d7d-3a76-b507-ed9c51358be6	https://imslp.org/wiki/Violin_Partita_No.3_in_E_major,_BWV_1006_(Bach,_Johann_Sebastian)	https://imslp.org/wiki/Special:ReverseLookup/497205	59-83 (B3-B5)	Violin
BWV1006_06_Gigue	1: 6/8	1: 4	34	32	96.0	68	64	192.0		96.0	333	333	0	0	52	E	2.3.0	Adrian Nagel	1720	1720	https://en.wikipedia.org/wiki/Sonatas_and_Partitas_for_Solo_Violin_(Bach)	Johann Sebastian Bach	Partita No. 3 in E major	6	Gigue	BWV 1006					2020-02-19	3.02	Linux			6. Gigue	from: Partita No. 3 in E major, BWV 1006		Johann Sebastian Bach	3.6.2	2.5.2	MS3	MS3/BWV1006_06_Gigue.mscx	False	57-83 (A3-B5)	cap	Q1339	https://www.wikidata.org/wiki/Q2247608	https://viaf.org/viaf/175022438	https://musicbrainz.org/work/ead3070d-7b9e-3d63-ab0f-340f1d71755c	https://imslp.org/wiki/Violin_Partita_No.3_in_E_major,_BWV_1006_(Bach,_Johann_Sebastian)	https://imslp.org/wiki/Special:ReverseLookup/497205	57-83 (A3-B5)	Violin
BWV1007_01_Prelude	1: 4/4	1: 1	42	42	168.0	42	42	168.0		188.0	704	654	0	0	55	G	2.3.0	Adrian Nagel	1717	1723	https://en.wikipedia.org/wiki/Cello_Suites_(Bach)	Johann Sebastian Bach	Suite No. 1 in G major	1	Prelude	BWV 1007					2020-02-19	3.02	Linux			1. Prelude	from: Suite No. 1 in G major, BWV 1007	J.S.Bach; J.S.Bach  Suite I für Violoncello; BWV 1007; Suite I	Johann Sebastian Bach	3.6.2	2.5.2	MS3	MS3/BWV1007_01_Prelude.mscx	False	36-67 (C2-G4)	cap	Q1339	https://www.wikidata.org/wiki/Q12714023	https://viaf.org/viaf/217002846	https://musicbrainz.org/work/b80b189d-f15e-39fe-b965-a9ba030383d0	https://imslp.org/wiki/Cello_Suite_No.6_in_D_major,_BWV_1012_(Bach,_Johann_Sebastian)	https://imslp.org/wiki/Special:ReverseLookup/480704	36-67 (C2-G4)	Piano
BWV1007_02_Allemande	1: 2/2	1: 1	34	32	128.0	68	64	256.0		138.25	473	459	0	0	75	G	2.3.0	Adrian Nagel	1717	1723	https://en.wikipedia.org/wiki/Cello_Suites_(Bach)	Johann Sebastian Bach	Suite No. 1 in G major	2	Allemande	BWV 1007					2020-02-19	3.02	Linux			2. Allemande	from: Suite No. 1 in G major, BWV 1007	J.S.Bach; J.S.Bach  Suite I für Violoncello; BWV 1007; Suite I	Johann Sebastian Bach	3.6.2	2.5.2	MS3	MS3/BWV1007_02_Allemande.mscx	False	38-67 (D2-G4)	cap	Q1339	https://www.wikidata.org/wiki/Q12714023	https://viaf.org/viaf/217002846	https://musicbrainz.org/work/2ee90305-5bc3-3065-afd7-f60bb25d40ca	https://imslp.org/wiki/Cello_Suite_No.6_in_D_major,_BWV_1012_(Bach,_Johann_Sebastian)	https://imslp.org/wiki/Special:ReverseLookup/480704	38-67 (D2-G4)	Piano
BWV1007_03_Courante	1: 3/4	1: 1	44	42	126.0	88	84	252.0		128.5	408	406	0	0	67	G	2.3.0	Adrian Nagel	1717	1723	https://en.wikipedia.org/wiki/Cello_Suites_(Bach)	Johann Sebastian Bach	Suite No. 1 in G major	3	Courante	BWV 1007					2020-02-19	3.02	Linux			3. Courante	from: Suite No. 1 in G major, BWV 1007	J.S.Bach; J.S.Bach  Suite I für Violoncello; BWV 1007; Suite I	Johann Sebastian Bach	3.6.2	2.5.2	MS3	MS3/BWV1007_03_Courante.mscx	False	36-64 (C2-E4)	cap	Q1339	https://www.wikidata.org/wiki/Q12714023	https://viaf.org/viaf/217002846	https://musicbrainz.org/work/9c24a37d-de0d-3b5a-aeed-8ea4995ce12f	https://imslp.org/wiki/Cello_Suite_No.6_in_D_major,_BWV_1012_(Bach,_Johann_Sebastian)	https://imslp.org/wiki/Special:ReverseLookup/480704	36-64 (C2-E4)	Piano
BWV1007_04_Sarabande	1: 3/4	1: 1	16	16	48.0	32	32	96.0		67.5	152	134	0	0	41	G	2.3.0	Adrian Nagel	1717	1723	https://en.wikipedia.org/wiki/Cello_Suites_(Bach)	Johann Sebastian Bach	Suite No. 1 in G major	4	Sarabande	BWV 1007					2020-02-19	3.02	Linux			4. Sarabande	from: Suite No. 1 in G major, BWV 1007	"J.S.Bach; J.S.Bach  Suite I für Violoncello
; BWV 1007; Suite I"	Johann Sebastian Bach	3.6.2	2.5.2	MS3	MS3/BWV1007_04_Sarabande.mscx	False	36-62 (C2-D4)	cap	Q1339	https://www.wikidata.org/wiki/Q12714023	https://viaf.org/viaf/217002846	https://musicbrainz.org/work/c1f362aa-1652-3913-8731-e8c3e912e520	https://imslp.org/wiki/Cello_Suite_No.6_in_D_major,_BWV_1012_(Bach,_Johann_Sebastian)	https://imslp.org/wiki/Special:ReverseLookup/480704	36-62 (C2-D4)	Piano
BWV1007_05_MenuetI	1: 3/4	1: 1	24	24	72.0	48	48	144.0		80.0	136	130	0	0	35	G	2.3.0	Adrian Nagel	1717	1723	https://en.wikipedia.org/wiki/Cello_Suites_(Bach)	Johann Sebastian Bach	Suite No. 1 in G major	5	Minuet I	BWV 1007					2020-02-19	3.02	Linux			5. Minuet I	from: Suite No. 1 in G major, BWV 1007	J.S.Bach	Johann Sebastian Bach	3.6.2	2.5.2	MS3	MS3/BWV1007_05_MenuetI.mscx	False	36-64 (C2-E4)	cap	Q1339	https://www.wikidata.org/wiki/Q12714023	https://viaf.org/viaf/217002846	https://musicbrainz.org/work/0b00cd25-2373-36df-8ad7-9fa805a266e3	https://imslp.org/wiki/Cello_Suite_No.6_in_D_major,_BWV_1012_(Bach,_Johann_Sebastian)	https://imslp.org/wiki/Special:ReverseLookup/480704	36-64 (C2-E4)	Piano
BWV1007_06_MenuetII	1: 3/4	1: -1	24	24	72.0	48	48	144.0		72.0	126	126	0	0	33	g	2.3.0	Adrian Nagel	1717	1723	https://en.wikipedia.org/wiki/Cello_Suites_(Bach)	Johann Sebastian Bach	Suite No. 1 in G major	6	Minuet II	BWV 1007					2020-02-19	3.02	Linux			6. Minuet II	from: Suite No. 1 in G major, BWV 1007	J.S.Bach; J.S.Bach  Suite I für Violoncello; BWV 1007; Suite I	Johann Sebastian Bach	3.6.2	2.5.2	MS3	MS3/BWV1007_06_MenuetII.mscx	False	38-63 (D2-Eb4)	cap	Q1339	https://www.wikidata.org/wiki/Q12714023	https://viaf.org/viaf/217002846	https://musicbrainz.org/work/0b00cd25-2373-36df-8ad7-9fa805a266e3	https://imslp.org/wiki/Cello_Suite_No.6_in_D_major,_BWV_1012_(Bach,_Johann_Sebastian)	https://imslp.org/wiki/Special:ReverseLookup/480704	38-63 (D2-Eb4)	Piano
BWV1007_07_Gique	1: 6/8	1: 1	36	34	102.0	72	68	204.0		106.0	213	210	0	0	59	G	2.3.0	Adrian Nagel	1717	1723	https://en.wikipedia.org/wiki/Cello_Suites_(Bach)	Johann Sebastian Bach	Suite No. 1 in G major	7	Gigue	BWV 1007					2020-02-19	3.02	Linux			7. Gigue	from: Suite No. 1 in G major, BWV 1007	J.S.Bach  Suite I für Violoncello; BWV 1007; Suite I	Johann Sebastian Bach	3.6.2	2.5.2	MS3	MS3/BWV1007_07_Gique.mscx	False	38-64 (D2-E4)	cap	Q1339	https://www.wikidata.org/wiki/Q12714023	https://viaf.org/viaf/217002846	https://musicbrainz.org/work/1b5d4b9d-3c12-35a5-b27b-d3a31a202c9c	https://imslp.org/wiki/Cello_Suite_No.6_in_D_major,_BWV_1012_(Bach,_Johann_Sebastian)	https://imslp.org/wiki/Special:ReverseLookup/480704	38-64 (D2-E4)	Piano
BWV1008_01_Prelude	1: 3/4	1: -1	63	63	189.0	63	63	189.0		224.0	649	634	0	0	91	d	2.3.0	Adrian Nagel	1717	1723	https://en.wikipedia.org/wiki/Cello_Suites_(Bach)	Johann Sebastian Bach	Suite No. 2 in D minor	1	Prelude	BWV 1008					2021-02-20		Apple Macintosh			1. Prelude	from: Suite No. 2 in D minor, BWV 1008		Johann Sebastian Bach	3.6.2	2.5.2	MS3	MS3/BWV1008_01_Prelude.mscx	False	37-67 (C#2-G4)		Q1339	https://www.wikidata.org/wiki/Q20645424	https://viaf.org/viaf/218079940	https://musicbrainz.org/work/c41d8e8f-b674-3df4-a02b-d50c942a98c8	https://imslp.org/wiki/Cello_Suite_No.2_in_D_minor,_BWV_1008_(Bach,_Johann_Sebastian)	https://imslp.org/wiki/Special:ReverseLookup/480704	37-67 (C#2-G4)	Piano
BWV1008_02_Allemande	1: 4/4	1: -1	26	24	96.0	39	36	144.0		112.0	373	346	0	0	70	d	2.3.0	Adrian Nagel	1717	1723	https://en.wikipedia.org/wiki/Cello_Suites_(Bach)	Johann Sebastian Bach	Suite No. 2 in D minor	2	Allemande	BWV 1008					2021-02-20		Apple Macintosh			2. Allemande	from: Suite No. 2 in D minor, BWV 1008		Johann Sebastian Bach	3.6.2	2.5.2	MS3	MS3/BWV1008_02_Allemande.mscx	False	38-65 (D2-F4)		Q1339	https://www.wikidata.org/wiki/Q20645424	https://viaf.org/viaf/218079940	https://musicbrainz.org/work/cf2249c8-6b0d-3e73-b788-e76c203be13a	https://imslp.org/wiki/Cello_Suite_No.2_in_D_minor,_BWV_1008_(Bach,_Johann_Sebastian)	https://imslp.org/wiki/Special:ReverseLookup/480704	38-65 (D2-F4)	Piano
BWV1008_03_Courante	1: 3/4	1: -1	34	32	96.0	68	64	192.0		102.0	370	364	0	0	50	d	2.3.0	Adrian Nagel	1717	1723	https://en.wikipedia.org/wiki/Cello_Suites_(Bach)	Johann Sebastian Bach	Suite No. 2 in D minor	3	Courante	BWV 1008					2021-02-20		Apple Macintosh			3. Courante	from: Suite No. 2 in D minor, BWV 1008		Johann Sebastian Bach	3.6.2	2.5.2	MS3	MS3/BWV1008_03_Courante.mscx	False	36-67 (C2-G4)		Q1339	https://www.wikidata.org/wiki/Q20645424	https://viaf.org/viaf/218079940	https://musicbrainz.org/work/2de889d5-bb3b-3539-b1c3-5df2c6873406	https://imslp.org/wiki/Cello_Suite_No.2_in_D_minor,_BWV_1008_(Bach,_Johann_Sebastian)	https://imslp.org/wiki/Special:ReverseLookup/480704	36-67 (C2-G4)	Piano
BWV1008_04_Sarabande	1: 3/4	1: -1	28	28	84.0	56	56	168.0		131.5	204	167	0	0	52	d	2.3.0	Adrian Nagel	1717	1723	https://en.wikipedia.org/wiki/Cello_Suites_(Bach)	Johann Sebastian Bach	Suite No. 2 in D minor	4	Sarabande	BWV 1008					2021-02-20		Apple Macintosh			4. Sarabande	from: Suite No. 2 in D minor, BWV 1008		Johann Sebastian Bach	3.6.2	2.5.2	MS3	MS3/BWV1008_04_Sarabande.mscx	False	36-65 (C2-F4)		Q1339	https://www.wikidata.org/wiki/Q20645424	https://viaf.org/viaf/218079940	https://musicbrainz.org/work/55776b45-fec3-34aa-ac9a-0e19309a9b11	https://imslp.org/wiki/Cello_Suite_No.2_in_D_minor,_BWV_1008_(Bach,_Johann_Sebastian)	https://imslp.org/wiki/Special:ReverseLookup/480704	36-65 (C2-F4)	Piano
BWV1008_05_MenuetI	1: 3/4	1: -1	24	24	72.0	48	48	144.0		127.0	140	96	0	0	44	d	2.3.0	Adrian Nagel	1717	1723	https://en.wikipedia.org/wiki/Cello_Suites_(Bach)	Johann Sebastian Bach	Suite No. 2 in D minor	5	Minuet I	BWV 1008					2021-02-20		Apple Macintosh			5. Minuet I	from: Suite No. 2 in D minor, BWV 1008		Johann Sebastian Bach	3.6.2	2.5.2	MS3	MS3/BWV1008_05_MenuetI.mscx	False	38-67 (D2-G4)		Q1339	https://www.wikidata.org/wiki/Q20645424	https://viaf.org/viaf/218079940	https://musicbrainz.org/work/346b7f0d-d10a-3afb-95b1-5001621633c9	https://imslp.org/wiki/Cello_Suite_No.2_in_D_minor,_BWV_1008_(Bach,_Johann_Sebastian)	https://imslp.org/wiki/Special:ReverseLookup/480704	38-67 (D2-G4)	Piano
BWV1008_06_MenuetII	1: 3/4	1: 2	24	24	72.0	48	48	144.0		75.0	118	117	0	0	31	D	2.3.0	Adrian Nagel	1717	1723	https://en.wikipedia.org/wiki/Cello_Suites_(Bach)	Johann Sebastian Bach	Suite No. 2 in D minor	6	Minuet II	BWV 1008					2021-02-20		Apple Macintosh			6. Minuet II	from: Suite No. 2 in D minor, BWV 1008		Johann Sebastian Bach	3.6.2	2.5.2	MS3	MS3/BWV1008_06_MenuetII.mscx	False	39-66 (D#2-F#4)		Q1339	https://www.wikidata.org/wiki/Q20645424	https://viaf.org/viaf/218079940	https://musicbrainz.org/work/346b7f0d-d10a-3afb-95b1-5001621633c9	https://imslp.org/wiki/Cello_Suite_No.2_in_D_minor,_BWV_1008_(Bach,_Johann_Sebastian)	https://imslp.org/wiki/Special:ReverseLookup/480704	39-66 (D#2-F#4)	Piano
BWV1008_07_Gique	1: 3/8	1: -1	78	76	114.0	156	152	228.0		141.0	407	366	0	0	91	d	2.3.0	Adrian Nagel	1717	1723	https://en.wikipedia.org/wiki/Cello_Suites_(Bach)	Johann Sebastian Bach	Suite No. 2 in D minor	7	Gigue	BWV 1008					2021-02-20		Apple Macintosh			7. Gigue	from: Suite No. 2 in D minor, BWV 1008		Johann Sebastian Bach	3.6.2	2.5.2	MS3	MS3/BWV1008_07_Gique.mscx	False	36-65 (C2-F4)		Q1339	https://www.wikidata.org/wiki/Q20645424	https://viaf.org/viaf/218079940	https://musicbrainz.org/work/18a262ef-6f71-349d-8226-20c067b4a771	https://imslp.org/wiki/Cello_Suite_No.2_in_D_minor,_BWV_1008_(Bach,_Johann_Sebastian)	https://imslp.org/wiki/Special:ReverseLookup/480704	36-65 (C2-F4)	Piano
BWV1009_01_Prelude	1: 3/4	1: 0	88	88	264.0	88	88	264.0		292.0	1007	970	0	0	113	C	2.3.0	Adrian Nagel	1717	1723	https://en.wikipedia.org/wiki/Cello_Suites_(Bach)	Johann Sebastian Bach	Suite No. 3 in C major	1	Prelude	BWV 1009					2021-02-21		Apple Macintosh			1. Prelude	from: Suite No. 3 in C major, BWV 1009		Johann Sebastian Bach	3.6.2	2.5.2	MS3	MS3/BWV1009_01_Prelude.mscx	False	36-67 (C2-G4)		Q1339	https://www.wikidata.org/wiki/Q20645425	https://viaf.org/viaf/209860738	https://musicbrainz.org/work/0d35af7e-073a-3c80-ae7f-e5eafb4e7765	https://imslp.org/wiki/Cello_Suite_No.3_in_C_major,_BWV_1009_(Bach,_Johann_Sebastian)	https://imslp.org/wiki/Special:ReverseLookup/480704	36-67 (C2-G4)	Piano
BWV1009_02_Allemande	1: 4/4	1: 0	25	24	96.0	50	48	192.0		107.25	486	469	0	0	106	C	2.3.0	Adrian Nagel	1717	1723	https://en.wikipedia.org/wiki/Cello_Suites_(Bach)	Johann Sebastian Bach	Suite No. 3 in C major	2	Allemande	BWV 1009					2021-02-21		Apple Macintosh			2. Allemande	from: Suite No. 3 in C major, BWV 1009		Johann Sebastian Bach	3.6.2	2.5.2	MS3	MS3/BWV1009_02_Allemande.mscx	False	36-67 (C2-G4)		Q1339	https://www.wikidata.org/wiki/Q20645425	https://viaf.org/viaf/209860738	https://musicbrainz.org/work/ba6439e3-a298-360c-a94f-2526aa275c91	https://imslp.org/wiki/Cello_Suite_No.3_in_C_major,_BWV_1009_(Bach,_Johann_Sebastian)	https://imslp.org/wiki/Special:ReverseLookup/480704	36-67 (C2-G4)	Piano
BWV1009_03_Courante	1: 6/8	1: 0	86	84	252.0	172	168	504.0		257.0	495	492	0	0	83	C	2.3.0	Adrian Nagel	1717	1723	https://en.wikipedia.org/wiki/Cello_Suites_(Bach)	Johann Sebastian Bach	Suite No. 3 in C major	3	Courante	BWV 1009					2021-02-21		Apple Macintosh			3. Courante	from: Suite No. 3 in C major, BWV 1009		Johann Sebastian Bach	3.6.2	2.5.2	MS3	MS3/BWV1009_03_Courante.mscx	False	36-64 (C2-E4)		Q1339	https://www.wikidata.org/wiki/Q20645425	https://viaf.org/viaf/209860738	https://musicbrainz.org/work/dc10ce98-7982-33e6-9e7f-451c8c97f163	https://imslp.org/wiki/Cello_Suite_No.3_in_C_major,_BWV_1009_(Bach,_Johann_Sebastian)	https://imslp.org/wiki/Special:ReverseLookup/480704	36-64 (C2-E4)	Piano
BWV1009_04_Sarabande	1: 3/4	1: 0	24	24	72.0	48	48	144.0		122.0	217	171	0	0	55	C	2.3.0	Adrian Nagel	1717	1723	https://en.wikipedia.org/wiki/Cello_Suites_(Bach)	Johann Sebastian Bach	Suite No. 3 in C major	4	Sarabande	BWV 1009					2021-03-08		Apple Macintosh			4. Sarabande	from: Suite No. 3 in C major, BWV 1009		Johann Sebastian Bach	3.6.2	2.5.2	MS3	MS3/BWV1009_04_Sarabande.mscx	False	36-67 (C2-G4)		Q1339	https://www.wikidata.org/wiki/Q20645425	https://viaf.org/viaf/209860738	https://musicbrainz.org/work/ad8abcbf-2707-3bcf-8149-fbf6326ce7fb	https://imslp.org/wiki/Cello_Suite_No.3_in_C_major,_BWV_1009_(Bach,_Johann_Sebastian)	https://imslp.org/wiki/Special:ReverseLookup/480704	36-67 (C2-G4)	Piano
BWV1009_05_BourréeI	1: 2/2	1: 0	29	28	112.0	58	56	224.0		118.5	191	186	0	0	64	C	2.3.0	Adrian Nagel	1717	1723	https://en.wikipedia.org/wiki/Cello_Suites_(Bach)	Johann Sebastian Bach	Suite No. 3 in C major	5	Bourrée I	BWV 1009					2021-02-21		Apple Macintosh			5. Bourrée I	from: Suite No. 3 in C major, BWV 1009		Johann Sebastian Bach	3.6.2	2.5.2	MS3	MS3/BWV1009_05_BourréeI.mscx	False	36-65 (C2-F4)		Q1339	https://www.wikidata.org/wiki/Q20645425	https://viaf.org/viaf/209860738	https://musicbrainz.org/work/77a708b0-1bb8-344c-82e9-eed8ff82cf98	https://imslp.org/wiki/Cello_Suite_No.3_in_C_major,_BWV_1009_(Bach,_Johann_Sebastian)	https://imslp.org/wiki/Special:ReverseLookup/480704	36-65 (C2-F4)	Piano
BWV1009_06_BourréeII	1: 2/2	1: -2	25	24	96.0	50	48	192.0		99.0	158	157	0	0	36	c	2.3.0	Adrian Nagel	1717	1723	https://en.wikipedia.org/wiki/Cello_Suites_(Bach)	Johann Sebastian Bach	Suite No. 3 in C major	6	Bourrée II	BWV 1009					2021-02-21		Apple Macintosh			6. Bourrée II	from: Suite No. 3 in C major, BWV 1009		Johann Sebastian Bach	3.6.0	2.5.2	MS3	MS3/BWV1009_06_BourréeII.mscx	False	36-63 (C2-Eb4)		Q1339	https://www.wikidata.org/wiki/Q20645425	https://viaf.org/viaf/209860738	https://musicbrainz.org/work/77a708b0-1bb8-344c-82e9-eed8ff82cf98	https://imslp.org/wiki/Cello_Suite_No.3_in_C_major,_BWV_1009_(Bach,_Johann_Sebastian)	https://imslp.org/wiki/Special:ReverseLookup/480704	36-63 (C2-Eb4)	Piano
BWV1009_07_Gique	1: 3/8	1: 0	109	108	162.0	218	216	324.0		190.0	524	478	0	0	110	C	2.3.0	Adrian Nagel	1717	1723	https://en.wikipedia.org/wiki/Cello_Suites_(Bach)	Johann Sebastian Bach	Suite No. 3 in C major	7	Gigue	BWV 1009					2021-02-21		Apple Macintosh			7. Gigue	from: Suite No. 3 in C major, BWV 1009		Johann Sebastian Bach	3.6.2	2.5.2	MS3	MS3/BWV1009_07_Gique.mscx	False	36-67 (C2-G4)		Q1339	https://www.wikidata.org/wiki/Q20645425	https://viaf.org/viaf/209860738	https://musicbrainz.org/work/895c9748-1ede-3516-a823-27621a7941ed	https://imslp.org/wiki/Cello_Suite_No.3_in_C_major,_BWV_1009_(Bach,_Johann_Sebastian)	https://imslp.org/wiki/Special:ReverseLookup/480704	36-67 (C2-G4)	Piano
BWV1010_01_Prelude	1: 2/2	1: -3	91	91	364.0	91	91	364.0		376.5	826	810	0	0	75	Eb	2.3.0	Adrian Nagel	1717	1723	https://en.wikipedia.org/wiki/Cello_Suites_(Bach)	Johann Sebastian Bach	Suite No. 4 in E-flat major	1	Prelude	BWV 1010					2021-03-09		Apple Macintosh			1. Prelude	from: Suite No. 4 in E-flat major, BWV 1010		Johann Sebastian Bach	3.6.2	2.5.2	MS3	MS3/BWV1010_01_Prelude.mscx	False	36-65 (C2-F4)		Q1339	https://www.wikidata.org/wiki/Q20645426	https://viaf.org/viaf/206832918	https://musicbrainz.org/work/40c64c25-82c6-3b4e-ad34-e5f0a2421273	https://imslp.org/wiki/Cello_Suite_No.4_in_E-flat_major,_BWV_1010_(Bach,_Johann_Sebastian)	https://imslp.org/wiki/Special:ReverseLookup/480704	36-65 (C2-F4)	Piano
BWV1010_02_Allemande	1: 2/2	1: -3	41	40	160.0	82	80	320.0		169.5	531	523	0	0	97	Eb	2.3.0	Adrian Nagel	1717	1723	https://en.wikipedia.org/wiki/Cello_Suites_(Bach)	Johann Sebastian Bach	Suite No. 4 in E-flat major	2	Allemande	BWV 1010					2021-03-09		Apple Macintosh			2. Allemande	from: Suite No. 4 in E-flat major, BWV 1010		Johann Sebastian Bach	3.6.2	2.5.2	MS3	MS3/BWV1010_02_Allemande.mscx	False	36-67 (C2-G4)		Q1339	https://www.wikidata.org/wiki/Q20645426	https://viaf.org/viaf/206832918	https://musicbrainz.org/work/83588d1b-6caf-357a-b39e-987a669f317e	https://imslp.org/wiki/Cello_Suite_No.4_in_E-flat_major,_BWV_1010_(Bach,_Johann_Sebastian)	https://imslp.org/wiki/Special:ReverseLookup/480704	36-67 (C2-G4)	Piano
BWV1010_03_Courante	1: 3/4	1: -3	65	64	192.0	130	128	384.0		210.0	466	451	0	0	106	Eb	2.3.0	Adrian Nagel	1717	1723	https://en.wikipedia.org/wiki/Cello_Suites_(Bach)	Johann Sebastian Bach	Suite No. 4 in E-flat major	3	Courante	BWV 1010					2021-03-09		Apple Macintosh			3. Courante	from: Suite No. 4 in E-flat major, BWV 1010		Johann Sebastian Bach	3.6.2	2.5.2	MS3	MS3/BWV1010_03_Courante.mscx	False	36-67 (C2-G4)		Q1339	https://www.wikidata.org/wiki/Q20645426	https://viaf.org/viaf/206832918	https://musicbrainz.org/work/a7089ab5-ad0c-3092-a2ba-20a1942d2155	https://imslp.org/wiki/Cello_Suite_No.4_in_E-flat_major,_BWV_1010_(Bach,_Johann_Sebastian)	https://imslp.org/wiki/Special:ReverseLookup/480704	36-67 (C2-G4)	Piano
BWV1010_04_Sarabande	1: 3/4	1: -3	32	32	96.0	64	64	192.0		147.5	196	163	0	0	65	Eb	2.3.0	Adrian Nagel	1717	1723	https://en.wikipedia.org/wiki/Cello_Suites_(Bach)	Johann Sebastian Bach	Suite No. 4 in E-flat major	4	Sarabande	BWV 1010					2021-03-09		Apple Macintosh			4. Sarabande	from: Suite No. 4 in E-flat major, BWV 1010		Johann Sebastian Bach	3.6.2	2.5.2	MS3	MS3/BWV1010_04_Sarabande.mscx	False	36-67 (C2-G4)		Q1339	https://www.wikidata.org/wiki/Q20645426	https://viaf.org/viaf/206832918	https://musicbrainz.org/work/4e12d222-f4f4-38f2-8a43-e12b7ab2170b	https://imslp.org/wiki/Cello_Suite_No.4_in_E-flat_major,_BWV_1010_(Bach,_Johann_Sebastian)	https://imslp.org/wiki/Special:ReverseLookup/480704	36-67 (C2-G4)	Piano
BWV1010_05_BourreeI	1: 2/2	1: -3	49	48	192.0	98	96	384.0		201.0	408	405	0	0	78	Eb	2.3.0	Adrian Nagel	1717	1723	https://en.wikipedia.org/wiki/Cello_Suites_(Bach)	Johann Sebastian Bach	Suite No. 4 in E-flat major	5	Bourrée I	BWV 1010					2021-03-09		Apple Macintosh			5. Bourrée I	from: Suite No. 4 in E-flat major, BWV 1010		Johann Sebastian Bach	3.6.2	2.5.2	MS3	MS3/BWV1010_05_BourreeI.mscx	False	36-67 (C2-G4)		Q1339	https://www.wikidata.org/wiki/Q20645426	https://viaf.org/viaf/206832918	https://musicbrainz.org/work/dccf7850-b88c-368d-a229-b753304221f6	https://imslp.org/wiki/Cello_Suite_No.4_in_E-flat_major,_BWV_1010_(Bach,_Johann_Sebastian)	https://imslp.org/wiki/Special:ReverseLookup/480704	36-67 (C2-G4)	Piano
BWV1010_06_BourreeII	1: 4/4	1: -3	13	12	48.0	26	24	96.0		69.0	63	52	0	0	28	Eb	2.3.0	Adrian Nagel	1717	1723	https://en.wikipedia.org/wiki/Cello_Suites_(Bach)	Johann Sebastian Bach	Suite No. 4 in E-flat major	6	Bourrée II	BWV 1010					2021-03-09		Apple Macintosh			6. Bourrée II	from: Suite No. 4 in E-flat major, BWV 1010		Johann Sebastian Bach	3.6.2	2.5.2	MS3	MS3/BWV1010_06_BourreeII.mscx	False	39-60 (Eb2-C4)		Q1339	https://www.wikidata.org/wiki/Q20645426	https://viaf.org/viaf/206832918	https://musicbrainz.org/work/dccf7850-b88c-368d-a229-b753304221f6	https://imslp.org/wiki/Cello_Suite_No.4_in_E-flat_major,_BWV_1010_(Bach,_Johann_Sebastian)	https://imslp.org/wiki/Special:ReverseLookup/480704	39-60 (Eb2-C4)	Piano
BWV1010_07_Gique	1: 12/8	1: -3	43	42	252.0	86	84	504.0		252.0	483	483	0	0	80	Eb	2.3.0	Adrian Nagel	1717	1723	https://en.wikipedia.org/wiki/Cello_Suites_(Bach)	Johann Sebastian Bach	Suite No. 4 in E-flat major	7	Gigue	BWV 1010					2021-03-09		Apple Macintosh			7. Gigue	from: Suite No. 4 in E-flat major, BWV 1010		Johann Sebastian Bach	3.6.2	2.5.2	MS3	MS3/BWV1010_07_Gique.mscx	False	38-63 (D2-Eb4)		Q1339	https://www.wikidata.org/wiki/Q20645426	https://viaf.org/viaf/206832918	https://musicbrainz.org/work/b3c01d8a-ebe2-3b6d-9398-12cbff05f96b	https://imslp.org/wiki/Cello_Suite_No.4_in_E-flat_major,_BWV_1010_(Bach,_Johann_Sebastian)	https://imslp.org/wiki/Special:ReverseLookup/480704	38-63 (D2-Eb4)	Piano
BWV1011_01_Prelude	1: 2/2, 27: 3/8	1: -3	223	223	399.5	223	223	399.5		475.5	1370	1295	0	0	323	c	2.3.0	Adrian Nagel	1717	1723	https://en.wikipedia.org/wiki/Cello_Suites_(Bach)	Johann Sebastian Bach	Suite No. 5 in C minor	1	Prelude	BWV 1011					2021-03-09		Apple Macintosh			1. Prelude	from: Suite No. 5 in C minor, BWV 1011		Johann Sebastian Bach	3.6.2	2.5.2	MS3	MS3/BWV1011_01_Prelude.mscx	False	36-65 (C2-F4)		Q1339	https://www.wikidata.org/wiki/Q20645427	https://viaf.org/viaf/210935698	https://musicbrainz.org/work/2c832650-fc9d-37ba-afec-b91fe5c3f255	https://imslp.org/wiki/Cello_Suite_No.5_in_C_minor,_BWV_1011_(Bach,_Johann_Sebastian)	https://imslp.org/wiki/Special:ReverseLookup/480704	36-65 (C2-F4)	Piano
BWV1011_02_Allemande	1: 2/2	1: -3	37	36	144.0	37	36	144.0		197.25	399	344	0	0	70	c	2.3.0	Adrian Nagel	1717	1723	https://en.wikipedia.org/wiki/Cello_Suites_(Bach)	Johann Sebastian Bach	Suite No. 5 in C minor	2	Allemande	BWV 1011					2021-03-09		Apple Macintosh			2. Allemande	from: Suite No. 5 in C minor, BWV 1011		Johann Sebastian Bach	3.6.2	2.5.2	MS3	MS3/BWV1011_02_Allemande.mscx	False	36-67 (C2-G4)		Q1339	https://www.wikidata.org/wiki/Q20645427	https://viaf.org/viaf/210935698	https://musicbrainz.org/work/35e46ed2-1593-3cc1-bb22-196f773232e5	https://imslp.org/wiki/Cello_Suite_No.5_in_C_minor,_BWV_1011_(Bach,_Johann_Sebastian)	https://imslp.org/wiki/Special:ReverseLookup/480704	36-67 (C2-G4)	Piano
BWV1011_03_Courante	1: 3/2	1: -3	25	24	144.0	50	48	288.0		216.0	268	211	0	0	68	c	2.3.0	Adrian Nagel	1717	1723	https://en.wikipedia.org/wiki/Cello_Suites_(Bach)	Johann Sebastian Bach	Suite No. 5 in C minor	3	Courante	BWV 1011					2021-03-09		Apple Macintosh			3. Courante	from: Suite No. 5 in C minor, BWV 1011		Johann Sebastian Bach	3.6.2	2.5.2	MS3	MS3/BWV1011_03_Courante.mscx	False	36-67 (C2-G4)		Q1339	https://www.wikidata.org/wiki/Q20645427	https://viaf.org/viaf/210935698	https://musicbrainz.org/work/25682cd4-fa3e-3a63-b996-ea739996ef03	https://imslp.org/wiki/Cello_Suite_No.5_in_C_minor,_BWV_1011_(Bach,_Johann_Sebastian)	https://imslp.org/wiki/Special:ReverseLookup/480704	36-67 (C2-G4)	Piano
BWV1011_04_Sarabande	1: 3/4	1: -3	20	20	60.0	40	40	120.0		60.0	108	108	0	0	27	c	2.3.0	Adrian Nagel	1717	1723	https://en.wikipedia.org/wiki/Cello_Suites_(Bach)	Johann Sebastian Bach	Suite No. 5 in C minor	4	Sarabande	BWV 1011					2021-03-09		Apple Macintosh			4. Sarabande	from: Suite No. 5 in C minor, BWV 1011		Johann Sebastian Bach	3.6.2	2.5.2	MS3	MS3/BWV1011_04_Sarabande.mscx	False	36-65 (C2-F4)		Q1339	https://www.wikidata.org/wiki/Q20645427	https://viaf.org/viaf/210935698	https://musicbrainz.org/work/5f4ff12e-56a2-34f5-bcd2-a5aa81211274	https://imslp.org/wiki/Cello_Suite_No.5_in_C_minor,_BWV_1011_(Bach,_Johann_Sebastian)	https://imslp.org/wiki/Special:ReverseLookup/480704	36-65 (C2-F4)	Piano
BWV1011_05_GavotteI	1: 2/2	1: -3	37	36	144.0	74	72	288.0		216.0	308	239	0	0	80	c	2.3.0	Adrian Nagel	1717	1723	https://en.wikipedia.org/wiki/Cello_Suites_(Bach)	Johann Sebastian Bach	Suite No. 5 in C minor	5	Gavotte I	BWV 1011					2021-03-09		Apple Macintosh			5. Gavotte I	from: Suite No. 5 in C minor, BWV 1011		Johann Sebastian Bach	3.6.2	2.5.2	MS3	MS3/BWV1011_05_GavotteI.mscx	False	36-65 (C2-F4)		Q1339	https://www.wikidata.org/wiki/Q20645427	https://viaf.org/viaf/210935698	https://musicbrainz.org/work/6e92d2ae-b624-329d-aaf6-870673abca76	https://imslp.org/wiki/Cello_Suite_No.5_in_C_minor,_BWV_1011_(Bach,_Johann_Sebastian)	https://imslp.org/wiki/Special:ReverseLookup/480704	36-65 (C2-F4)	Piano
BWV1011_06_GavotteII	1: 2/2	1: -3	23	22	88.0	46	44	176.0		89.0	241	240	0	0	64	c	2.3.0	Adrian Nagel	1717	1723	https://en.wikipedia.org/wiki/Cello_Suites_(Bach)	Johann Sebastian Bach	Suite No. 5 in C minor	6	Gavotte II	BWV 1011					2021-03-09		Apple Macintosh			6. Gavotte II	from: Suite No. 5 in C minor, BWV 1011		Johann Sebastian Bach	3.6.2	2.5.2	MS3	MS3/BWV1011_06_GavotteII.mscx	False	36-65 (C2-F4)		Q1339	https://www.wikidata.org/wiki/Q20645427	https://viaf.org/viaf/210935698	https://musicbrainz.org/work/6e92d2ae-b624-329d-aaf6-870673abca76	https://imslp.org/wiki/Cello_Suite_No.5_in_C_minor,_BWV_1011_(Bach,_Johann_Sebastian)	https://imslp.org/wiki/Special:ReverseLookup/480704	36-65 (C2-F4)	Piano
BWV1011_07_Gique	1: 3/8	1: -3	73	72	108.0	146	144	216.0		108.0	219	219	0	0	73	c	2.3.0	Adrian Nagel	1717	1723	https://en.wikipedia.org/wiki/Cello_Suites_(Bach)	Johann Sebastian Bach	Suite No. 5 in C minor	7	Gigue	BWV 1011					2021-03-09		Apple Macintosh			7. Gigue	from: Suite No. 5 in C minor, BWV 1011		Johann Sebastian Bach	3.6.2	2.5.2	MS3	MS3/BWV1011_07_Gique.mscx	False	36-67 (C2-G4)		Q1339	https://www.wikidata.org/wiki/Q20645427	https://viaf.org/viaf/210935698	https://musicbrainz.org/work/0a3d74c8-aa39-34cc-8110-dc569155a019	https://imslp.org/wiki/Cello_Suite_No.5_in_C_minor,_BWV_1011_(Bach,_Johann_Sebastian)	https://imslp.org/wiki/Special:ReverseLookup/480704	36-67 (C2-G4)	Piano
BWV1012_01_Prelude	1: 12/8	1: 2	104	104	624.0	104	104	624.0		624.0	1325	1313	0	0	189	D	2.3.0	Adrian Nagel	1717	1723	https://en.wikipedia.org/wiki/Cello_Suites_(Bach)	Johann Sebastian Bach	Suite No. 6 in D major	1	Prelude	BWV 1012					2021-04-12		Apple Macintosh			1. Prelude	from: Suite No. 6 in D major, BWV 1012		Johann Sebastian Bach	3.6.2	2.5.2	MS3	MS3/BWV1012_01_Prelude.mscx	False	38-79 (D2-G5)		Q1339	https://www.wikidata.org/wiki/Q20645428	https://viaf.org/viaf/212878335	https://musicbrainz.org/work/65329f14-c05c-3b8f-a0bb-561ec475317e	https://imslp.org/wiki/Cello_Suite_No.6_in_D_major,_BWV_1012_(Bach,_Johann_Sebastian)	https://imslp.org/wiki/Special:ReverseLookup/480704	38-79 (D2-G5)	Piano
BWV1012_02_Allemande	1: 4/4	1: 2	21	20	80.0	42	40	160.0		103.75	542	499	0	0	80	D	2.3.0	Adrian Nagel	1717	1723	https://en.wikipedia.org/wiki/Cello_Suites_(Bach)	Johann Sebastian Bach	Suite No. 6 in D major	2	Allemande	BWV 1012					2021-04-12		Apple Macintosh			2. Allemande	from: Suite No. 6 in D major, BWV 1012		Johann Sebastian Bach	3.6.2	2.5.2	MS3	MS3/BWV1012_02_Allemande.mscx	False	36-74 (C2-D5)		Q1339	https://www.wikidata.org/wiki/Q20645428	https://viaf.org/viaf/212878335	https://musicbrainz.org/work/45f40f0e-6aec-30da-91c0-7f88aeebf98d	https://imslp.org/wiki/Cello_Suite_No.6_in_D_major,_BWV_1012_(Bach,_Johann_Sebastian)	https://imslp.org/wiki/Special:ReverseLookup/480704	36-74 (C2-D5)	Piano
BWV1012_03_Courante	1: 3/4	1: 2	73	72	216.0	146	144	432.0		215.0	639	639	0	0	89	D	2.3.0	Adrian Nagel	1717	1723	https://en.wikipedia.org/wiki/Cello_Suites_(Bach)	Johann Sebastian Bach	Suite No. 6 in D major	3	Courante	BWV 1012					2021-04-12		Apple Macintosh			3. Courante	from: Suite No. 6 in D major, BWV 1012		Johann Sebastian Bach	3.6.2	2.5.2	MS3	MS3/BWV1012_03_Courante.mscx	False	38-71 (D2-B4)		Q1339	https://www.wikidata.org/wiki/Q20645428	https://viaf.org/viaf/212878335	https://musicbrainz.org/work/3fb9da12-c94e-356f-b89c-2748e9cd2959	https://imslp.org/wiki/Cello_Suite_No.6_in_D_major,_BWV_1012_(Bach,_Johann_Sebastian)	https://imslp.org/wiki/Special:ReverseLookup/480704	38-71 (D2-B4)	Piano
BWV1012_04_Sarabande	1: 3/2	1: 2	32	32	192.0	64	64	384.0		413.0	302	166	0	0	61	D	2.3.0	Adrian Nagel	1717	1723	https://en.wikipedia.org/wiki/Cello_Suites_(Bach)	Johann Sebastian Bach	Suite No. 6 in D major	4	Sarabande	BWV 1012					2021-04-12		Apple Macintosh			4. Sarabande	from: Suite No. 6 in D major, BWV 1012		Johann Sebastian Bach	3.6.2	2.5.2	MS3	MS3/BWV1012_04_Sarabande.mscx	False	38-72 (D2-C5)		Q1339	https://www.wikidata.org/wiki/Q20645428	https://viaf.org/viaf/212878335	https://musicbrainz.org/work/6b912baa-6887-3729-96d9-7634851a1414	https://imslp.org/wiki/Cello_Suite_No.6_in_D_major,_BWV_1012_(Bach,_Johann_Sebastian)	https://imslp.org/wiki/Special:ReverseLookup/480704	38-72 (D2-C5)	Piano
BWV1012_05_GavotteI	1: 2/2	1: 2	29	28	112.0	58	56	224.0		207.5	260	175	0	0	58	D	2.3.0	Adrian Nagel	1717	1723	https://en.wikipedia.org/wiki/Cello_Suites_(Bach)	Johann Sebastian Bach	Suite No. 6 in D major	5	Gavotte I	BWV 1012					2021-04-12		Apple Macintosh			5. Gavotte I	from: Suite No. 6 in D major, BWV 1012		Johann Sebastian Bach	3.6.2	2.5.2	MS3	MS3/BWV1012_05_GavotteI.mscx	False	38-71 (D2-B4)		Q1339	https://www.wikidata.org/wiki/Q20645428	https://viaf.org/viaf/212878335	https://musicbrainz.org/work/2c2e19c1-9940-3010-8fc6-cd2b7a967c25	https://imslp.org/wiki/Cello_Suite_No.6_in_D_major,_BWV_1012_(Bach,_Johann_Sebastian)	https://imslp.org/wiki/Special:ReverseLookup/480704	38-71 (D2-B4)	Piano
BWV1012_06_GavotteII	1: 4/4	1: 2	25	24	96.0	50	48	192.0		178.0	213	138	0	0	64	D	2.3.0	Adrian Nagel	1717	1723	https://en.wikipedia.org/wiki/Cello_Suites_(Bach)	Johann Sebastian Bach	Suite No. 6 in D major	6	Gavotte II	BWV 1012					2021-04-12		Apple Macintosh			6. Gavotte II	from: Suite No. 6 in D major, BWV 1012		Johann Sebastian Bach	3.6.2	2.5.2	MS3	MS3/BWV1012_06_GavotteII.mscx	False	38-67 (D2-G4)		Q1339	https://www.wikidata.org/wiki/Q20645428	https://viaf.org/viaf/212878335	https://musicbrainz.org/work/2c2e19c1-9940-3010-8fc6-cd2b7a967c25	https://imslp.org/wiki/Cello_Suite_No.6_in_D_major,_BWV_1012_(Bach,_Johann_Sebastian)	https://imslp.org/wiki/Special:ReverseLookup/480704	38-67 (D2-G4)	Piano
BWV1012_07_Gique	1: 6/8	1: 2	69	68	204.0	138	136	408.0		245.5	655	580	0	0	112	D	2.3.0	Adrian Nagel	1717	1723	https://en.wikipedia.org/wiki/Cello_Suites_(Bach)	Johann Sebastian Bach	Suite No. 6 in D major	7	Gigue	BWV 1012					2021-04-12		Apple Macintosh			7. Gigue	from: Suite No. 6 in D major, BWV 1012		Johann Sebastian Bach	3.6.2	2.5.2	MS3	MS3/BWV1012_07_Gique.mscx	False	37-74 (C#2-D5)		Q1339	https://www.wikidata.org/wiki/Q20645428	https://viaf.org/viaf/212878335	https://musicbrainz.org/work/ddd9f05c-b5a4-3ea8-b9b1-8d2624447423	https://imslp.org/wiki/Cello_Suite_No.6_in_D_major,_BWV_1012_(Bach,_Johann_Sebastian)	https://imslp.org/wiki/Special:ReverseLookup/480704	37-74 (C#2-D5)	Piano
BWV1013_01_Allemande	1: 4/4	1: 0	49	45	196.0	112	110	448.0	[[[19], [20, 21]], [[47, 48], [49]]]	195.5	759	759	0	0	159	a	2.3.0	Adrian Nagel	1722	1723	https://en.wikipedia.org/wiki/Partita_in_A_minor_for_solo_flute_(Bach) (uncertain)	Johann Sebastian Bach	Partita in A minor	1	Allemande	BWV 1013					2021-04-21		Apple Macintosh			1. Allemande	from: Partita in A minor, BWV 1013		Johann Sebastian Bach	3.6.2	2.5.2	MS3	MS3/BWV1013_01_Allemande.mscx	False	62-93 (D4-A6)		Q1339	https://www.wikidata.org/wiki/Q989855		https://musicbrainz.org/work/1158ae1f-4cb5-315f-a26a-cc49280372be	https://imslp.org/wiki/Partita_in_A_minor,_BWV_1013_(Bach,_Johann_Sebastian)	https://imslp.org/wiki/Special:ReverseLookup/921462	62-93 (D4-A6)	Flute
BWV1013_02_Corrente	1: 3/4	1: 0	63	62	186.0	126	124	372.0		186.0	669	669	0	0	120	a	2.3.0	Adrian Nagel	1722	1723	https://en.wikipedia.org/wiki/Partita_in_A_minor_for_solo_flute_(Bach) (uncertain)	Johann Sebastian Bach	Partita in A minor	2	Corrente	BWV 1013					2021-04-21		Apple Macintosh			2. Corrente	from: Partita in A minor, BWV 1013		Johann Sebastian Bach	3.6.2	2.5.2	MS3	MS3/BWV1013_02_Corrente.mscx	False	62-87 (D4-D#6)		Q1339	https://www.wikidata.org/wiki/Q989855		https://musicbrainz.org/work/7392fcf6-65b4-379a-a0fd-d0ec8f5ee72d	https://imslp.org/wiki/Partita_in_A_minor,_BWV_1013_(Bach,_Johann_Sebastian)	https://imslp.org/wiki/Special:ReverseLookup/921462	62-87 (D4-D#6)	Flute
BWV1013_03_Sarabande	1: 3/4	1: 0	46	46	138.0	92	92	276.0		138.0	301	301	0	0	57	a	2.3.0	Adrian Nagel	1722	1723	https://en.wikipedia.org/wiki/Partita_in_A_minor_for_solo_flute_(Bach) (uncertain)	Johann Sebastian Bach	Partita in A minor	3	Sarabande	BWV 1013					2021-04-21		Apple Macintosh			3. Sarabande	from: Partita in A minor, BWV 1013		Johann Sebastian Bach	3.6.2	2.5.2	MS3	MS3/BWV1013_03_Sarabande.mscx	False	62-86 (D4-D6)		Q1339	https://www.wikidata.org/wiki/Q989855		https://musicbrainz.org/work/9e2df6c8-b70e-318d-ba5f-2c345cf2506f	https://imslp.org/wiki/Partita_in_A_minor,_BWV_1013_(Bach,_Johann_Sebastian)	https://imslp.org/wiki/Special:ReverseLookup/921462	62-86 (D4-D6)	Flute
BWV1013_04_BourreeAnglaise	1: 2/4	1: 0	71	70	140.0	142	140	280.0		140.0	412	412	0	0	98	a	2.3.0	Adrian Nagel	1722	1723	https://en.wikipedia.org/wiki/Partita_in_A_minor_for_solo_flute_(Bach) (uncertain)	Johann Sebastian Bach	Partita in A minor	4	Bourrée angloise	BWV 1013					2021-04-21		Apple Macintosh			4. Bourrée angloise	from: Partita in A minor, BWV 1013		Johann Sebastian Bach	3.6.2	2.5.2	MS3	MS3/BWV1013_04_BourreeAnglaise.mscx	False	62-86 (D4-D6)		Q1339	https://www.wikidata.org/wiki/Q989855		https://musicbrainz.org/work/69bec9a9-d970-3058-8508-b32df2273c42	https://imslp.org/wiki/Partita_in_A_minor,_BWV_1013_(Bach,_Johann_Sebastian)	https://imslp.org/wiki/Special:ReverseLookup/921462	62-86 (D4-D6)	Flute
