mc	mn	quarterbeats	quarterbeats_all_endings	duration_qb	mc_onset	mn_onset	timesig	staff	voice	label	alt_label	globalkey	localkey	pedal	chord	numeral	form	figbass	changes	relativeroot	pedalend	cadence	phraseend	chord_type	globalkey_is_minor	localkey_is_minor	chord_tones	added_tones	root	bass_note
1	1	0	0	2.0	0	1/2	2/2	1	1	C.V{		C	I		V	V							{	M	0	0	1, 5, 2		1	1
2	2	2	2	2.0	0	0	2/2	1	1	vi		C	I		vi	vi								m	0	0	3, 0, 4		3	3
2	2	4	4	2.0	1/2	1/2	2/2	1	1	I6		C	I		I6	I		6						M	0	0	4, 1, 0		0	4
3	3	6	6	2.0	0	0	2/2	1	1	V		C	I		V	V								M	0	0	1, 5, 2		1	1
3	3	8	8	6.0	1/2	1/2	2/2	1	1	viio6		C	I		viio6	vii	o	6						o	0	0	2, -1, 5		5	2
5	5	14	14	2.0	0	0	2/2	1	1	I6		C	I		I6	I		6						M	0	0	4, 1, 0		0	4
5	5	16	16	2.0	1/2	1/2	2/2	1	1	vi		C	I		vi	vi								m	0	0	3, 0, 4		3	3
6	6	18	18	2.0	0	0	2/2	1	1	III6		C	I		III6	III		6						M	0	0	8, 5, 4		4	8
6	6	20	20	1.0	1/2	1/2	2/2	1	1	iii6		C	I		iii6	iii		6						m	0	0	1, 5, 4		4	1
6	6	21	21	1.0	3/4	3/4	2/2	1	1	viio64/II		C	I		viio64/II	vii	o	64		II				o	0	0	1, 7, 4		7	1
7	7	22	22	2.0	0	0	2/2	1	1	II6		C	I		II6	II		6						M	0	0	6, 3, 2		2	6
7	7	24	24	1.0	1/2	1/2	2/2	1	1	ii6		C	I		ii6	ii		6						m	0	0	-1, 3, 2		2	-1
7	7	25	25	1.0	3/4	3/4	2/2	1	1	viio64		C	I		viio64	vii	o	64						o	0	0	-1, 5, 2		5	-1
8	8	26	26	1.0	0	0	2/2	1	1	I6		C	I		I6	I		6						M	0	0	4, 1, 0		0	4
8	8	27	27	1.0	1/4	1/4	2/2	1	1	viio6		C	I		viio6	vii	o	6						o	0	0	2, -1, 5		5	2
8	8	28	28	1.0	1/2	1/2	2/2	1	1	I6		C	I		I6	I		6						M	0	0	4, 1, 0		0	4
8	8	29	29	1.0	3/4	3/4	2/2	1	1	V6/V		C	I		V6/V	V		6		V				M	0	0	6, 3, 2		2	6
9	9	30	30	1.0	0	0	2/2	1	1	V		C	I		V	V								M	0	0	1, 5, 2		1	1
9	9	31	31	1.0	1/4	1/4	2/2	1	1	ii6		C	I		ii6	ii		6						m	0	0	-1, 3, 2		2	-1
9	9	32	32	2.0	1/2	1/2	2/2	1	1	I6		C	I		I6	I		6						M	0	0	4, 1, 0		0	4
10	10	34	34	2.0	0	0	2/2	1	1	ii6(2)		C	I		ii6(2)	ii		6	2					m	0	0	-1, 3, 4		2	-1
10	10	36	36	2.0	1/2	1/2	2/2	1	1	ii6		C	I		ii6	ii		6						m	0	0	-1, 3, 2		2	-1
11	11	38	38	2.0	0	0	2/2	1	1	I6(2)		C	I		I6(2)	I		6	2					M	0	0	4, 1, 2		0	4
11	11	40	40	2.0	1/2	1/2	2/2	1	1	I6		C	I		I6	I		6						M	0	0	4, 1, 0		0	4
12	12	42	42	2.0	0	0	2/2	1	1	VI		C	I		VI	VI								M	0	0	3, 7, 4		3	3
12	12	44	44	1.0	1/2	1/2	2/2	1	1	vi		C	I		vi	vi								m	0	0	3, 0, 4		3	3
12	12	45	45	1.0	3/4	3/4	2/2	1	1	viio6/V		C	I		viio6/V	vii	o	6		V				o	0	0	3, 0, 6		6	3
13	13	46	46	2.0	0	0	2/2	1	1	V		C	I		V	V								M	0	0	1, 5, 2		1	1
13	13	48	48	1.0	1/2	1/2	2/2	1	1	v		C	I		v	v								m	0	0	1, -2, 2		1	1
13	13	49	49	1.0	3/4	3/4	2/2	1	1	iio6/ii		C	I		iio6/ii	ii	o	6		ii				o	0	0	1, -2, 4		4	1
14	14	50	50	3.0	0	0	2/2	1	1	ii		C	I		ii	ii								m	0	0	2, -1, 3		2	2
14	14	53	53	1.0	3/4	3/4	2/2	1	1	iio6/vi		C	I		iio6/vi	ii	o	6		vi				o	0	0	2, -1, 5		5	2
15	15	54	54	4.0	0	0	2/2	1	1	vi		C	I		vi	vi								m	0	0	3, 0, 4		3	3
16	16	58	58	2.0	0	0	2/2	1	1	iii		C	I		iii	iii								m	0	0	4, 1, 5		4	4
16	16	60	60	2.0	1/2	1/2	2/2	1	1	V7/ii		C	I		V7/ii	V		7		ii				Mm7	0	0	3, 7, 4, 1		3	3
17	17	62	62	2.0	0	0	2/2	1	1	ii		C	I		ii	ii								m	0	0	2, -1, 3		2	2
17	17	64	64	2.0	1/2	1/2	2/2	1	1	IV		C	I		IV	IV								M	0	0	-1, 3, 0		-1	-1
18	18	66	66	2.0	0	0	2/2	1	1	III		C	I		III	III								M	0	0	4, 8, 5		4	4
18	18	68	68	1.0	1/2	1/2	2/2	1	1	iii		C	I		iii	iii								m	0	0	4, 1, 5		4	4
18	18	69	69	1.0	3/4	3/4	2/2	1	1	viio6/II		C	I		viio6/II	vii	o	6		II				o	0	0	4, 1, 7		7	4
19	19	70	70	2.0	0	0	2/2	1	1	II		C	I		II	II								M	0	0	2, 6, 3		2	2
19	19	72	72	1.0	1/2	1/2	2/2	1	1	ii		C	I		ii	ii								m	0	0	2, -1, 3		2	2
19	19	73	73	1.0	3/4	3/4	2/2	1	1	iio6/vi		C	I		iio6/vi	ii	o	6		vi				o	0	0	2, -1, 5		5	2
20	20	74	74	2.0	0	0	2/2	1	1	vi		C	I		vi	vi								m	0	0	3, 0, 4		3	3
20	20	76	76	2.0	1/2	1/2	2/2	1	1	V7/V		C	I		V7/V	V		7		V				Mm7	0	0	2, 6, 3, 0		2	2
21	21	78	78	4.0	0	0	2/2	1	1	V}		C	I		V	V							}	M	0	0	1, 5, 2		1	1
21	21	79	79	0.0	1/4	1/4	2/2	1	1	{		C	I										{		0	0				
22	22	82	82	4.0	0	0	2/2	1	1	V2/ii		C	I		V2/ii	V		2		ii				Mm7	0	0	1, 3, 7, 4		3	1
23	23	86	86	4.0	0	0	2/2	1	1	ii6		C	I		ii6	ii		6						m	0	0	-1, 3, 2		2	-1
24	24	90	90	4.0	0	0	2/2	1	1	V2		C	I		V2	V		2						Mm7	0	0	-1, 1, 5, 2		1	-1
25	25	94	94	1.0	0	0	2/2	1	1	I6		C	I		I6	I		6						M	0	0	4, 1, 0		0	4
25	25	95	95	1.0	1/4	1/4	2/2	1	1	ii6		C	I		ii6	ii		6						m	0	0	-1, 3, 2		2	-1
25	25	96	96	2.0	1/2	1/2	2/2	1	1	I		C	I		I	I								M	0	0	0, 4, 1		0	0
26	26	98	98	2.0	0	0	2/2	1	1	V2/V		C	I		V2/V	V		2		V				Mm7	0	0	0, 2, 6, 3		2	0
26	26	100	100	2.0	1/2	1/2	2/2	1	1	viio		C	I		viio	vii	o							o	0	0	5, 2, -1		5	5
27	27	102	102	2.0	0	0	2/2	1	1	I		C	I		I	I								M	0	0	0, 4, 1		0	0
27	27	104	104	1.0	1/2	1/2	2/2	1	1	i64		C	I		i64	i		64						m	0	0	1, 0, -3		0	1
27	27	105	105	1.0	3/4	3/4	2/2	1	1	viio/IV/IV		C	I		viio/IV/IV	vii	o			IV/IV				o	0	0	3, 0, -3		3	3
28	28	106	106	2.0	0	0	2/2	1	1	IV/IV		C	I		IV/IV	IV				IV				M	0	0	-2, 2, -1		-2	-2
28	28	108	108	2.0	1/2	1/2	2/2	1	1	viio64/IV		C	I		viio64/IV	vii	o	64		IV				o	0	0	-2, 4, 1		4	-2
29	29	110	110	2.0	0	0	2/2	1	1	IV6		C	I		IV6	IV		6						M	0	0	3, 0, -1		-1	3
29	29	112	112	2.0	1/2	1/2	2/2	1	1	viio		C	I		viio	vii	o							o	0	0	5, 2, -1		5	5
30	30	114	114	2.0	0	0	2/2	1	1	I		C	I		I	I								M	0	0	0, 4, 1		0	0
30	30	116	116	2.0	1/2	1/2	2/2	1	1	viio64/V		C	I		viio64/V	vii	o	64		V				o	0	0	0, 6, 3		6	0
31	31	118	118	2.0	0	0	2/2	1	1	V6		C	I		V6	V		6						M	0	0	5, 2, 1		1	5
31	31	120	120	2.0	1/2	1/2	2/2	1	1	v6		C	I		v6	v		6						m	0	0	-2, 2, 1		1	-2
32	32	122	122	2.0	0	0	2/2	1	1	VI		C	I		VI	VI								M	0	0	3, 7, 4		3	3
32	32	124	124	1.0	1/2	1/2	2/2	1	1	vi		C	I		vi	vi								m	0	0	3, 0, 4		3	3
32	32	125	125	1.0	3/4	3/4	2/2	1	1	viio6/V		C	I		viio6/V	vii	o	6		V				o	0	0	3, 0, 6		6	3
33	33	126	126	2.0	0	0	2/2	1	1	V		C	I		V	V								M	0	0	1, 5, 2		1	1
33	33	128	128	1.0	1/2	1/2	2/2	1	1	v		C	I		v	v								m	0	0	1, -2, 2		1	1
33	33	129	129	1.0	3/4	3/4	2/2	1	1	iio6/ii		C	I		iio6/ii	ii	o	6		ii				o	0	0	1, -2, 4		4	1
34	34	130	130	2.0	0	0	2/2	1	1	ii		C	I		ii	ii								m	0	0	2, -1, 3		2	2
34	34	132	132	2.0	1/2	1/2	2/2	1	1	V7		C	I		V7	V		7						Mm7	0	0	1, 5, 2, -1		1	1
35	35	134	134	4.0	0	0	2/2	1	1	I}{		C	I		I	I							}{	M	0	0	0, 4, 1		0	0
36	36	138	138	4.0	0	0	2/2	1	1	V2/v		C	I		V2/v	V		2		v				Mm7	0	0	0, 2, 6, 3		2	0
37	37	142	142	4.0	0	0	2/2	1	1	v6		C	I		v6	v		6						m	0	0	-2, 2, 1		1	-2
38	38	146	146	4.0	0	0	2/2	1	1	V2/IV		C	I		V2/IV	V		2		IV				Mm7	0	0	-2, 0, 4, 1		0	-2
39	39	150	150	4.0	0	0	2/2	1	1	IV6		C	I		IV6	IV		6						M	0	0	3, 0, -1		-1	3
40	40	154	154	4.0	0	0	2/2	1	1	vii%7		C	I		vii%7	vii	%	7						%7	0	0	5, 2, -1, 3		5	5
41	41	158	158	2.0	0	0	2/2	1	1	I		C	I		I	I								M	0	0	0, 4, 1		0	0
41	41	160	160	2.0	1/2	1/2	2/2	1	1	vi6		C	I		vi6	vi		6						m	0	0	0, 4, 3		3	0
42	42	162	162	4.0	0	0	2/2	1	1	ii		C	I		ii	ii								m	0	0	2, -1, 3		2	2
43	43	166	166	3.0	0	0	2/2	1	1	I6		C	I		I6	I		6						M	0	0	4, 1, 0		0	4
43	43	169	169	1.0	3/4	3/4	2/2	1	1	viio/IV		C	I		viio/IV	vii	o			IV				o	0	0	4, 1, -2		4	4
44	44	170	170	2.0	0	0	2/2	1	1	ii6(2)		C	I		ii6(2)	ii		6	2					m	0	0	-1, 3, 4		2	-1
44	44	172	172	2.0	1/2	1/2	2/2	1	1	ii6		C	I		ii6	ii		6						m	0	0	-1, 3, 2		2	-1
45	45	174	174	2.0	0	0	2/2	1	1	viio64		C	I		viio64	vii	o	64						o	0	0	-1, 5, 2		5	-1
45	45	176	176	1.0	1/2	1/2	2/2	1	1	I6		C	I		I6	I		6						M	0	0	4, 1, 0		0	4
45	45	177	177	1.0	3/4	3/4	2/2	1	1	v64		C	I		v64	v		64						m	0	0	2, 1, -2		1	2
46	46	178	178	2.0	0	0	2/2	1	1	VI6		C	I		VI6	VI		6						M	0	0	7, 4, 3		3	7
46	46	180	180	1.0	1/2	1/2	2/2	1	1	vi6		C	I		vi6	vi		6						m	0	0	0, 4, 3		3	0
46	46	181	181	1.0	3/4	3/4	2/2	1	1	vii%43/V		C	I		vii%43/V	vii	%	43		V				%7	0	0	0, 4, 6, 3		6	0
47	47	182	182	2.0	0	0	2/2	1	1	V6		C	I		V6	V		6						M	0	0	5, 2, 1		1	5
47	47	184	184	1.0	1/2	1/2	2/2	1	1	v6		C	I		v6	v		6						m	0	0	-2, 2, 1		1	-2
47	47	185	185	1.0	3/4	3/4	2/2	1	1	viio64/IV		C	I		viio64/IV	vii	o	64		IV				o	0	0	-2, 4, 1		4	-2
48	48	186	186	1.0	0	0	2/2	1	1	IV6(14)		C	I		IV6(14)	IV		6	14					M	0	0	3, 0, -1	4	-1	3
48	48	187	187	3.0	1/4	1/4	2/2	1	1	IV6		C	I		IV6	IV		6						M	0	0	3, 0, -1		-1	3
49	49	190	190	4.0	0	0	2/2	1	1	I64		C	I		I64	I		64						M	0	0	1, 0, 4		0	1
50	50	194	194	2.0	0	0	2/2	1	1	ii6(2)		C	I		ii6(2)	ii		6	2					m	0	0	-1, 3, 4		2	-1
50	50	196	196	2.0	1/2	1/2	2/2	1	1	ii6		C	I		ii6	ii		6						m	0	0	-1, 3, 2		2	-1
51	51	198	198	2.0	0	0	2/2	1	1	I6(2)		C	I		I6(2)	I		6	2					M	0	0	4, 1, 2		0	4
51	51	200	200	2.0	1/2	1/2	2/2	1	1	vi		C	I		vi	vi								m	0	0	3, 0, 4		3	3
52	52	202	202	2.0	0	0	2/2	1	1	viio6(2)		C	I		viio6(2)	vii	o	6	2					o	0	0	2, -1, 0		5	2
52	52	204	204	2.0	1/2	1/2	2/2	1	1	V7		C	I		V7	V		7						Mm7	0	0	1, 5, 2, -1		1	1
53	53	206	206	4.0	0	0	2/2	1	1	I}		C	I		I	I							}	M	0	0	0, 4, 1		0	0
53	53	207	207	0.0	1/4	1/4	2/2	1	1	{		C	I										{		0	0				
54	54	210	210	4.0	0	0	2/2	1	1	V2/IV		C	I		V2/IV	V		2		IV				Mm7	0	0	-2, 0, 4, 1		0	-2
55	55	214	214	4.0	0	0	2/2	1	1	IV6		C	I		IV6	IV		6						M	0	0	3, 0, -1		-1	3
56	56	218	218	4.0	0	0	2/2	1	1	V2/V		C	I		V2/V	V		2		V				Mm7	0	0	0, 2, 6, 3		2	0
57	57	222	222	2.0	0	0	2/2	1	1	V6		C	I		V6	V		6						M	0	0	5, 2, 1		1	5
57	57	224	224	2.0	1/2	1/2	2/2	1	1	iii		C	I		iii	iii								m	0	0	4, 1, 5		4	4
58	58	226	226	2.0	0	0	2/2	1	1	V7/ii		C	I		V7/ii	V		7		ii				Mm7	0	0	3, 7, 4, 1		3	3
58	58	228	228	2.0	1/2	1/2	2/2	1	1	ii		C	I		ii	ii								m	0	0	2, -1, 3		2	2
59	59	230	230	2.0	0	0	2/2	1	1	V7		C	I		V7	V		7						Mm7	0	0	1, 5, 2, -1		1	1
59	59	232	232	1.0	1/2	1/2	2/2	1	1	I		C	I		I	I								M	0	0	0, 4, 1		0	0
59	59	233	233	1.0	3/4	3/4	2/2	1	1	V2/IV		C	I		V2/IV	V		2		IV				Mm7	0	0	-2, 0, 4, 1		0	-2
60	60	234	234	2.0	0	0	2/2	1	1	IV6(14)		C	I		IV6(14)	IV		6	14					M	0	0	3, 0, -1	4	-1	3
60	60	236	236	2.0	1/2	1/2	2/2	1	1	IV6		C	I		IV6	IV		6						M	0	0	3, 0, -1		-1	3
61	61	238	238	5.0	0	0	2/2	1	1	V7		C	I		V7	V		7						Mm7	0	0	1, 5, 2, -1		1	1
62	62	243	243	1.0	1/4	1/4	2/2	1	1	I6		C	I		I6	I		6						M	0	0	4, 1, 0		0	4
62	62	244	244	1.0	1/2	1/2	2/2	1	1	viio6(2)		C	I		viio6(2)	vii	o	6	2					o	0	0	2, -1, 0		5	2
62	62	245	245	1.0	3/4	3/4	2/2	1	1	viio6		C	I		viio6	vii	o	6						o	0	0	2, -1, 5		5	2
63	63	246	246	2.0	0	0	2/2	1	1	bVI		C	I		bVI	bVI								M	0	0	-4, 0, -3		-4	-4
63	63	248	248	6.0	1/2	1/2	2/2	1	1	viio65/V		C	I		viio65/V	vii	o	65		V				o7	0	0	3, 0, -3, 6		6	3
65	65	254	254	7.0	0	0	2/2	1	1	V(64)		C	I		V(64)	V			64					M	0	0	1, 0, 4		1	1
66	66	261	261	1.0	3/4	3/4	2/2	1	1	V7		C	I		V7	V		7						Mm7	0	0	1, 5, 2, -1		1	1
67	67	262	262	8.0	0	0	2/2	1	1	I}		C	I		I	I							}	M	0	0	0, 4, 1		0	0
67	67	525/2	525/2	0.0	1/8	1/8	2/2	1	1	{		C	I										{		0	0				
69	69	270	270	8.0	0	0	2/2	1	1	V		C	I		V	V								M	0	0	1, 5, 2		1	1
71	71	278	278	8.0	0	0	2/2	1	1	V7/V		C	I		V7/V	V		7		V				Mm7	0	0	2, 6, 3, 0		2	2
73	73	286	286	2.0	0	0	2/2	1	1	V(#74)		C	I		V(#74)	V			#74					M	0	0	1, 0, 2	6	1	1
73	73	288	288	2.0	1/2	1/2	2/2	1	1	iii6		C	I		iii6	iii		6						m	0	0	1, 5, 4		4	1
74	74	290	290	4.0	0	0	2/2	1	1	#viio7/ii		C	I		#viio7/ii	#vii	o	7		ii				o7	0	0	7, 4, 1, -2		7	7
75	75	294	294	2.0	0	0	2/2	1	1	ii6(11#7)		C	I		ii6(11#7)	ii		6	11#7					m	0	0	-1, 3, 7	1	2	-1
75	75	296	296	2.0	1/2	1/2	2/2	1	1	ii6		C	I		ii6	ii		6						m	0	0	-1, 3, 2		2	-1
76	76	298	298	4.0	0	0	2/2	1	1	vi.#viio7		C	vi		#viio7	#vii	o	7						o7	0	1	5, 2, -1, -4		5	5
77	77	302	302	2.0	0	0	2/2	1	1	i64(#7)		C	vi		i64(#7)	i		64	#7					m	0	1	1, 5, -3		0	1
77	77	304	304	1.0	1/2	1/2	2/2	1	1	i64		C	vi		i64	i		64						m	0	1	1, 0, -3		0	1
77	77	305	305	1.0	3/4	3/4	2/2	1	1	ii%2/v		C	vi		ii%2/v	ii	%	2		v				%7	0	1	1, 3, 0, -3		3	1
78	78	306	306	4.0	0	0	2/2	1	1	V65/v		C	vi		V65/v	V		65		v				Mm7	0	1	6, 3, 0, 2		2	6
79	79	310	310	2.0	0	0	2/2	1	1	v(#74)		C	vi		v(#74)	v			#74					m	0	1	1, 0, 2	6	1	1
79	79	312	312	2.0	1/2	1/2	2/2	1	1	v		C	vi		v	v								m	0	1	1, -2, 2		1	1
80	80	314	314	4.0	0	0	2/2	1	1	V7/iv		C	vi		V7/iv	V		7		iv				Mm7	0	1	0, 4, 1, -2		0	0
81	81	318	318	2.0	0	0	2/2	1	1	iv(#74)		C	vi		iv(#74)	iv			#74					m	0	1	-1, -2, 0	4	-1	-1
81	81	320	320	2.0	1/2	1/2	2/2	1	1	iv		C	vi		iv	iv								m	0	1	-1, -4, 0		-1	-1
82	82	322	322	4.0	0	0	2/2	1	1	V7/III		C	vi		V7/III	V		7		III				Mm7	0	1	-2, 2, -1, -4		-2	-2
83	83	326	326	2.0	0	0	2/2	1	1	III(74)		C	vi		III(74)	III			74					M	0	1	-3, -4, -2	2	-3	-3
83	83	328	328	2.0	1/2	1/2	2/2	1	1	III		C	vi		III	III								M	0	1	-3, 1, -2		-3	-3
84	84	330	330	4.0	0	0	2/2	1	1	V7		C	vi		V7	V		7						Mm7	0	1	1, 5, 2, -1		1	1
85	85	334	334	2.0	0	0	2/2	1	1	i(#74)		C	vi		i(#74)	i			#74					m	0	1	0, -1, 1	5	0	0
85	85	336	336	2.0	1/2	1/2	2/2	1	1	VI6		C	vi		VI6	VI		6						M	0	1	0, -3, -4		-4	0
86	86	338	338	4.0	0	0	2/2	1	1	V43		C	vi		V43	V		43						Mm7	0	1	2, -1, 1, 5		1	2
87	87	342	342	2.0	0	0	2/2	1	1	i6(13#7)		C	vi		i6(13#7)	i		6	13#7					m	0	1	-3, 1, 5	-4	0	-3
87	87	344	344	2.0	1/2	1/2	2/2	1	1	i6		C	vi		i6	i		6						m	0	1	-3, 1, 0		0	-3
88	88	346	346	2.0	0	0	2/2	1	1	iv		C	vi		iv	iv								m	0	1	-1, -4, 0		-1	-1
88	88	348	348	2.0	1/2	1/2	2/2	1	1	bII6		C	vi		bII6	bII		6						M	0	1	-1, -4, -5		-5	-1
89	89	350	350	4.0	0	0	2/2	1	1	V[V7		C	vi	V	V7	V		7						Mm7	0	1	1, 5, 2, -1		1	1
90	90	354	354	4.0	0	0	2/2	1	1	V(64)		C	vi		V(64)	V			64					M	0	1	1, 0, -3		1	1
91	91	358	358	4.0	0	0	2/2	1	1	V7		C	vi		V7	V		7						Mm7	0	1	1, 5, 2, -1		1	1
92	92	362	362	2.0	0	0	2/2	1	1	V(64)		C	vi		V(64)	V			64					M	0	1	1, 0, -3		1	1
92	92	364	364	2.0	1/2	1/2	2/2	1	1	viio65/V		C	vi		viio65/V	vii	o	65		V				o7	0	1	3, 0, -3, 6		6	3
93	93	366	366	4.0	0	0	2/2	1	1	V]}		C	vi		V	V					]		}	M	0	1	1, 5, 2		1	1
93	93	369	369	0.0	3/4	3/4	2/2	1	1	{		C	vi										{		0	1				
94	94	370	370	2.0	0	0	2/2	1	1	iv		C	vi		iv	iv								m	0	1	-1, -4, 0		-1	-1
94	94	372	372	4.0	1/2	1/2	2/2	1	1	i		C	vi		i	i								m	0	1	0, -3, 1		0	0
95	95	376	376	1.0	1/2	1/2	2/2	1	1	V6		C	vi		V6	V		6						M	0	1	5, 2, 1		1	5
95	95	377	377	1.0	3/4	3/4	2/2	1	1	i		C	vi		i	i								m	0	1	0, -3, 1		0	0
96	96	378	378	2.0	0	0	2/2	1	1	iio	#viio6	C	vi		iio	ii	o							o	0	1	2, -1, -4		2	2
96	96	380	380	1.0	1/2	1/2	2/2	1	1	IV6		C	vi		IV6	IV		6						M	0	1	3, 0, -1		-1	3
96	96	381	381	1.0	3/4	3/4	2/2	1	1	V6		C	vi		V6	V		6						M	0	1	5, 2, 1		1	5
97	97	382	382	2.0	0	0	2/2	1	1	i		C	vi		i	i								m	0	1	0, -3, 1		0	0
97	97	384	384	2.0	1/2	1/2	2/2	1	1	VI6		C	vi		VI6	VI		6						M	0	1	0, -3, -4		-4	0
98	98	386	386	2.0	0	0	2/2	1	1	v6(2)		C	vi		v6(2)	v		6	2					m	0	1	-2, 2, -4		1	-2
98	98	388	388	2.0	1/2	1/2	2/2	1	1	v6		C	vi		v6	v		6						m	0	1	-2, 2, 1		1	-2
99	99	390	390	2.0	0	0	2/2	1	1	V.V2/v		C	V		V2/v	V		2		v				Mm7	0	0	0, 2, 6, 3		2	0
99	99	392	392	2.0	1/2	1/2	2/2	1	1	v6		C	V		v6	v		6						m	0	0	-2, 2, 1		1	-2
100	100	394	394	2.0	0	0	2/2	1	1	i		C	V		i	i								m	0	0	0, -3, 1		0	0
100	100	396	396	2.0	1/2	1/2	2/2	1	1	bIII6		C	V		bIII6	bIII		6						M	0	0	1, -2, -3		-3	1
101	101	398	398	2.0	0	0	2/2	1	1	bVII		C	V		bVII	bVII								M	0	0	-2, 2, -1		-2	-2
101	101	400	400	1.0	1/2	1/2	2/2	1	1	V6/v		C	V		V6/v	V		6		v				M	0	0	6, 3, 2		2	6
101	101	401	401	1.0	3/4	3/4	2/2	1	1	v		C	V		v	v								m	0	0	1, -2, 2		1	1
102	102	402	402	2.0	0	0	2/2	1	1	#viio6/v		C	V		#viio6/v	#vii	o	6		v				o	0	0	3, 0, 6		6	3
102	102	404	404	1.0	1/2	1/2	2/2	1	1	ii/v		C	V		ii/v	ii				v				m	0	0	3, 0, 4		3	3
102	102	405	405	1.0	3/4	3/4	2/2	1	1	#viio6/v		C	V		#viio6/v	#vii	o	6		v				o	0	0	3, 0, 6		6	3
103	103	406	406	2.0	0	0	2/2	1	1	v		C	V		v	v								m	0	0	1, -2, 2		1	1
103	103	408	408	2.0	1/2	1/2	2/2	1	1	i		C	V		i	i								m	0	0	0, -3, 1		0	0
104	104	410	410	2.0	0	0	2/2	1	1	viio65/V		C	V		viio65/V	vii	o	65		V				o7	0	0	3, 0, -3, 6		6	3
104	104	412	412	2.0	1/2	1/2	2/2	1	1	iio64		C	V		iio64	ii	o	64						o	0	0	-4, 2, -1		2	-4
105	105	414	414	2.0	0	0	2/2	1	1	V7		C	V		V7	V		7						Mm7	0	0	1, 5, 2, -1		1	1
105	105	416	416	2.0	1/2	1/2	2/2	1	1	i6		C	V		i6	i		6						m	0	0	-3, 1, 0		0	-3
106	106	418	418	2.0	0	0	2/2	1	1	v(4)		C	V		v(4)	v			4					m	0	0	1, 0, 2		1	1
106	106	420	420	1.0	1/2	1/2	2/2	1	1	v		C	V		v	v								m	0	0	1, -2, 2		1	1
106	106	421	421	1.0	3/4	3/4	2/2	1	1	viio6/IV		C	V		viio6/IV	vii	o	6		IV				o	0	0	1, -2, 4		4	1
107	107	422	422	2.0	0	0	2/2	1	1	IV6		C	V		IV6	IV		6						M	0	0	3, 0, -1		-1	3
107	107	424	424	1.0	1/2	1/2	2/2	1	1	ii64		C	V		ii64	ii		64						m	0	0	3, 2, -1		2	3
107	107	425	425	1.0	3/4	3/4	2/2	1	1	V6		C	V		V6	V		6						M	0	0	5, 2, 1		1	5
108	108	426	426	3.0	0	0	2/2	1	1	I		C	V		I	I								M	0	0	0, 4, 1		0	0
108	108	429	429	1.0	3/4	3/4	2/2	1	1	iii6/IV		C	V		iii6/IV	iii		6		IV				m	0	0	0, 4, 3		3	0
109	109	430	430	1.0	0	0	2/2	1	1	IV6/IV		C	V		IV6/IV	IV		6		IV				M	0	0	2, -1, -2		-2	2
109	109	431	431	1.0	1/4	1/4	2/2	1	1	iii6/IV		C	V		iii6/IV	iii		6		IV				m	0	0	0, 4, 3		3	0
109	109	432	432	1.0	1/2	1/2	2/2	1	1	IV6/IV		C	V		IV6/IV	IV		6		IV				M	0	0	2, -1, -2		-2	2
109	109	433	433	1.0	3/4	3/4	2/2	1	1	V6/IV		C	V		V6/IV	V		6		IV				M	0	0	4, 1, 0		0	4
110	110	434	434	2.0	0	0	2/2	1	1	IV		C	V		IV	IV								M	0	0	-1, 3, 0		-1	-1
110	110	436	436	2.0	1/2	1/2	2/2	1	1	ii6		C	V		ii6	ii		6						m	0	0	-1, 3, 2		2	-1
111	111	438	438	2.0	0	0	2/2	1	1	VI		C	V		VI	VI								M	0	0	3, 7, 4		3	3
111	111	440	440	2.0	1/2	1/2	2/2	1	1	I6		C	V		I6	I		6						M	0	0	4, 1, 0		0	4
112	112	442	442	2.0	0	0	2/2	1	1	V		C	V		V	V								M	0	0	1, 5, 2		1	1
112	112	444	444	1.0	1/2	1/2	2/2	1	1	IV6/IV		C	V		IV6/IV	IV		6		IV				M	0	0	2, -1, -2		-2	2
112	112	445	445	1.0	3/4	3/4	2/2	1	1	viio/IV		C	V		viio/IV	vii	o			IV				o	0	0	4, 1, -2		4	4
113	113	446	446	2.0	0	0	2/2	1	1	IV		C	V		IV	IV								M	0	0	-1, 3, 0		-1	-1
113	113	448	448	2.0	1/2	1/2	2/2	1	1	V2		C	V		V2	V		2						Mm7	0	0	-1, 1, 5, 2		1	-1
114	114	450	450	2.0	0	0	2/2	1	1	I6		C	V		I6	I		6						M	0	0	4, 1, 0		0	4
114	114	452	452	2.0	1/2	1/2	2/2	1	1	vi		C	V		vi	vi								m	0	0	3, 0, 4		3	3
115	115	454	454	2.0	0	0	2/2	1	1	II6		C	V		II6	II		6						M	0	0	6, 3, 2		2	6
115	115	456	456	2.0	1/2	1/2	2/2	1	1	ii6		C	V		ii6	ii		6						m	0	0	-1, 3, 2		2	-1
116	116	458	458	2.0	0	0	2/2	1	1	I6		C	V		I6	I		6						M	0	0	4, 1, 0		0	4
116	116	460	460	2.0	1/2	1/2	2/2	1	1	i6		C	V		i6	i		6						m	0	0	-3, 1, 0		0	-3
117	117	462	462	2.0	0	0	2/2	1	1	bVII6		C	V		bVII6	bVII		6						M	0	0	2, -1, -2		-2	2
117	117	464	464	2.0	1/2	1/2	2/2	1	1	v		C	V		v	v								m	0	0	1, -2, 2		1	1
118	118	466	466	2.0	0	0	2/2	1	1	IV(2)		C	V		IV(2)	IV			2					M	0	0	1, 3, 0		-1	1
118	118	468	468	2.0	1/2	1/2	2/2	1	1	IV		C	V		IV	IV								M	0	0	-1, 3, 0		-1	-1
119	119	470	470	2.0	0	0	2/2	1	1	I6		C	V		I6	I		6						M	0	0	4, 1, 0		0	4
119	119	472	472	2.0	1/2	1/2	2/2	1	1	vi		C	V		vi	vi								m	0	0	3, 0, 4		3	3
120	120	474	474	2.0	0	0	2/2	1	1	v(2)		C	V		v(2)	v			2					m	0	0	3, -2, 2		1	3
120	120	476	476	2.0	1/2	1/2	2/2	1	1	v		C	V		v	v								m	0	0	1, -2, 2		1	1
121	121	478	478	2.0	0	0	2/2	1	1	IV(2)		C	V		IV(2)	IV			2					M	0	0	1, 3, 0		-1	1
121	121	480	480	2.0	1/2	1/2	2/2	1	1	IV		C	V		IV	IV								M	0	0	-1, 3, 0		-1	-1
122	122	482	482	2.0	0	0	2/2	1	1	I6(4)		C	V		I6(4)	I		6	4					M	0	0	-1, 1, 0		0	-1
122	122	484	484	1.0	1/2	1/2	2/2	1	1	I6		C	V		I6	I		6						M	0	0	4, 1, 0		0	4
122	122	485	485	1.0	3/4	3/4	2/2	1	1	I		C	V		I	I								M	0	0	0, 4, 1		0	0
123	123	486	486	2.0	0	0	2/2	1	1	IV		C	V		IV	IV								M	0	0	-1, 3, 0		-1	-1
123	123	488	488	2.0	1/2	1/2	2/2	1	1	vi		C	V		vi	vi								m	0	0	3, 0, 4		3	3
124	124	490	490	2.0	0	0	2/2	1	1	V		C	V		V	V								M	0	0	1, 5, 2		1	1
124	124	492	492	2.0	1/2	1/2	2/2	1	1	v		C	V		v	v								m	0	0	1, -2, 2		1	1
125	125	494	494	2.0	0	0	2/2	1	1	ii		C	V		ii	ii								m	0	0	2, -1, 3		2	2
125	125	496	496	2.0	1/2	1/2	2/2	1	1	V7		C	V		V7	V		7						Mm7	0	0	1, 5, 2, -1		1	1
126	126	498	498	2.0	0	0	2/2	1	1	I		C	V		I	I								M	0	0	0, 4, 1		0	0
126	126	500	500	2.0	1/2	1/2	2/2	1	1	vi		C	V		vi	vi								m	0	0	3, 0, 4		3	3
127	127	502	502	2.0	0	0	2/2	1	1	V65/v		C	V		V65/v	V		65		v				Mm7	0	0	6, 3, 0, 2		2	6
127	127	504	504	2.0	1/2	1/2	2/2	1	1	v		C	V		v	v								m	0	0	1, -2, 2		1	1
128	128	506	506	2.0	0	0	2/2	1	1	V2/ii		C	V		V2/ii	V		2		ii				Mm7	0	0	1, 3, 7, 4		3	1
128	128	508	508	2.0	1/2	1/2	2/2	1	1	ii6		C	V		ii6	ii		6						m	0	0	-1, 3, 2		2	-1
129	129	510	510	2.0	0	0	2/2	1	1	III		C	V		III	III								M	0	0	4, 8, 5		4	4
129	129	512	512	1.0	1/2	1/2	2/2	1	1	iii		C	V		iii	iii								m	0	0	4, 1, 5		4	4
129	129	513	513	1.0	3/4	3/4	2/2	1	1	viio6/II		C	V		viio6/II	vii	o	6		II				o	0	0	4, 1, 7		7	4
130	130	514	514	2.0	0	0	2/2	1	1	II		C	V		II	II								M	0	0	2, 6, 3		2	2
130	130	516	516	1.0	1/2	1/2	2/2	1	1	ii		C	V		ii	ii								m	0	0	2, -1, 3		2	2
130	130	517	517	1.0	3/4	3/4	2/2	1	1	viio6		C	V		viio6	vii	o	6						o	0	0	2, -1, 5		5	2
131	131	518	518	2.0	0	0	2/2	1	1	I		C	V		I	I								M	0	0	0, 4, 1		0	0
131	131	520	520	2.0	1/2	1/2	2/2	1	1	V7/V		C	V		V7/V	V		7		V				Mm7	0	0	2, 6, 3, 0		2	2
132	132	522	522	2.0	0	0	2/2	1	1	V		C	V		V	V								M	0	0	1, 5, 2		1	1
132	132	524	524	1.0	1/2	1/2	2/2	1	1	v		C	V		v	v								m	0	0	1, -2, 2		1	1
132	132	525	525	1.0	3/4	3/4	2/2	1	1	iio6/ii		C	V		iio6/ii	ii	o	6		ii				o	0	0	1, -2, 4		4	1
133	133	526	526	2.0	0	0	2/2	1	1	ii		C	V		ii	ii								m	0	0	2, -1, 3		2	2
133	133	528	528	2.0	1/2	1/2	2/2	1	1	V7		C	V		V7	V		7						Mm7	0	0	1, 5, 2, -1		1	1
134	134	530	530	2.0	0	0	2/2	1	1	I		C	V		I	I								M	0	0	0, 4, 1		0	0
134	134	532	532	1.0	1/2	1/2	2/2	1	1	i		C	V		i	i								m	0	0	0, -3, 1		0	0
134	134	533	533	1.0	3/4	3/4	2/2	1	1	iio6/v		C	V		iio6/v	ii	o	6		v				o	0	0	0, -3, 3		3	0
135	135	534	534	2.0	0	0	2/2	1	1	v		C	V		v	v								m	0	0	1, -2, 2		1	1
135	135	536	536	2.0	1/2	1/2	2/2	1	1	V7/IV		C	V		V7/IV	V		7		IV				Mm7	0	0	0, 4, 1, -2		0	0
136	136	538	538	2.0	0	0	2/2	1	1	IV		C	V		IV	IV								M	0	0	-1, 3, 0		-1	-1
136	136	540	540	1.0	1/2	1/2	2/2	1	1	i6		C	V		i6	i		6						m	0	0	-3, 1, 0		0	-3
136	136	541	541	1.0	3/4	3/4	2/2	1	1	ii%43/v		C	V		ii%43/v	ii	%	43		v				%7	0	0	-3, 1, 3, 0		3	-3
137	137	542	542	2.0	0	0	2/2	1	1	v64		C	V		v64	v		64						m	0	0	2, 1, -2		1	2
137	137	544	544	1.0	1/2	1/2	2/2	1	1	ii		C	V		ii	ii								m	0	0	2, -1, 3		2	2
137	137	545	545	1.0	3/4	3/4	2/2	1	1	viio6		C	V		viio6	vii	o	6						o	0	0	2, -1, 5		5	2
138	138	546	546	2.0	0	0	2/2	1	1	I}		C	V		I	I							}	M	0	0	0, 4, 1		0	0
138	138	548	548	4.0	1/2	1/2	2/2	1	1	ii.i{		C	ii		i	i							{	m	0	1	0, -3, 1		0	0
139	139	552	552	1.0	1/2	1/2	2/2	1	1	III6		C	ii		III6	III		6						M	0	1	1, -2, -3		-3	1
139	139	553	553	1.0	3/4	3/4	2/2	1	1	IV6		C	ii		IV6	IV		6						M	0	1	3, 0, -1		-1	3
140	140	554	554	2.0	0	0	2/2	1	1	VII		C	ii		VII	VII								M	0	1	-2, 2, -1		-2	-2
140	140	556	556	1.0	1/2	1/2	2/2	1	1	VII6		C	ii		VII6	VII		6						M	0	1	2, -1, -2		-2	2
140	140	557	557	1.0	3/4	3/4	2/2	1	1	i6		C	ii		i6	i		6						m	0	1	-3, 1, 0		0	-3
141	141	558	558	2.0	0	0	2/2	1	1	IV		C	ii		IV	IV								M	0	1	-1, 3, 0		-1	-1
141	141	560	560	1.0	1/2	1/2	2/2	1	1	IV6		C	ii		IV6	IV		6						M	0	1	3, 0, -1		-1	3
141	141	561	561	1.0	3/4	3/4	2/2	1	1	v6		C	ii		v6	v		6						m	0	1	-2, 2, 1		1	-2
142	142	562	562	2.0	0	0	2/2	1	1	i		C	ii		i	i								m	0	1	0, -3, 1		0	0
142	142	564	564	2.0	1/2	1/2	2/2	1	1	VI6		C	ii		VI6	VI		6						M	0	1	0, -3, -4		-4	0
143	143	566	566	2.0	0	0	2/2	1	1	v6(2)		C	ii		v6(2)	v		6	2					m	0	1	-2, 2, -4		1	-2
143	143	568	568	2.0	1/2	1/2	2/2	1	1	v6		C	ii		v6	v		6						m	0	1	-2, 2, 1		1	-2
144	144	570	570	2.0	0	0	2/2	1	1	iv6(2)		C	ii		iv6(2)	iv		6	2					m	0	1	-4, 0, 1		-1	-4
144	144	572	572	2.0	1/2	1/2	2/2	1	1	iv6		C	ii		iv6	iv		6						m	0	1	-4, 0, -1		-1	-4
145	145	574	574	2.0	0	0	2/2	1	1	V(64)		C	ii		V(64)	V			64					M	0	1	1, 0, -3		1	1
145	145	576	576	2.0	1/2	1/2	2/2	1	1	iv7		C	ii		iv7	iv		7						mm7	0	1	-1, -4, 0, -3		-1	-1
146	146	578	578	1.0	0	0	2/2	1	1	iio6		C	ii		iio6	ii	o	6						o	0	1	-1, -4, 2		2	-1
146	146	579	579	1.0	1/4	1/4	2/2	1	1	V7		C	ii		V7	V		7						Mm7	0	1	1, 5, 2, -1		1	1
146	146	580	580	2.0	1/2	1/2	2/2	1	1	VI		C	ii		VI	VI								M	0	1	-4, 0, -3		-4	-4
147	147	582	582	2.0	0	0	2/2	1	1	ii%65		C	ii		ii%65	ii	%	65						%7	0	1	-1, -4, 0, 2		2	-1
147	147	584	584	2.0	1/2	1/2	2/2	1	1	V7		C	ii		V7	V		7						Mm7	0	1	1, 5, 2, -1		1	1
148	148	586	586	2.0	0	0	2/2	1	1	I}		C	ii		I	I							}	M	0	1	0, 4, 1		0	0
148	148	588	588	4.0	1/2	1/2	2/2	1	1	V.V{		C	V		V	V							{	M	0	0	1, 5, 2		1	1
149	149	592	592	2.0	1/2	1/2	2/2	1	1	I6		C	V		I6	I		6						M	0	0	4, 1, 0		0	4
150	150	594	594	2.0	0	0	2/2	1	1	iii6		C	V		iii6	iii		6						m	0	0	1, 5, 4		4	1
150	150	596	596	1.0	1/2	1/2	2/2	1	1	viio6		C	V		viio6	vii	o	6						o	0	0	2, -1, 5		5	2
150	150	597	597	1.0	3/4	3/4	2/2	1	1	I6		C	V		I6	I		6						M	0	0	4, 1, 0		0	4
151	151	598	598	3.0	0	0	2/2	1	1	ii6		C	V		ii6	ii		6						m	0	0	-1, 3, 2		2	-1
151	151	601	601	1.0	3/4	3/4	2/2	1	1	V		C	V		V	V								M	0	0	1, 5, 2		1	1
152	152	602	602	2.0	0	0	2/2	1	1	I6		C	V		I6	I		6						M	0	0	4, 1, 0		0	4
152	152	604	604	2.0	1/2	1/2	2/2	1	1	vi		C	V		vi	vi								m	0	0	3, 0, 4		3	3
153	153	606	606	2.0	0	0	2/2	1	1	V(2)		C	V		V(2)	V			2					M	0	0	3, 5, 2		1	3
153	153	608	608	2.0	1/2	1/2	2/2	1	1	I		C	V		I	I								M	0	0	0, 4, 1		0	0
154	154	610	610	2.0	0	0	2/2	1	1	II		C	V		II	II								M	0	0	2, 6, 3		2	2
154	154	612	612	1.0	1/2	1/2	2/2	1	1	ii64		C	V		ii64	ii		64						m	0	0	3, 2, -1		2	3
154	154	613	613	1.0	3/4	3/4	2/2	1	1	viio		C	V		viio	vii	o							o	0	0	5, 2, -1		5	5
155	155	614	614	2.0	0	0	2/2	1	1	I		C	V		I	I								M	0	0	0, 4, 1		0	0
155	155	616	616	1.0	1/2	1/2	2/2	1	1	i		C	V		i	i								m	0	0	0, -3, 1		0	0
155	155	617	617	1.0	3/4	3/4	2/2	1	1	iio6/v		C	V		iio6/v	ii	o	6		v				o	0	0	0, -3, 3		3	0
156	156	618	618	2.0	0	0	2/2	1	1	v		C	V		v	v								m	0	0	1, -2, 2		1	1
156	156	620	620	2.0	1/2	1/2	2/2	1	1	V7/IV		C	V		V7/IV	V		7		IV				Mm7	0	0	0, 4, 1, -2		0	0
157	157	622	622	2.0	0	0	2/2	1	1	iii.iv6(2)		C	iii		iv6(2)	iv		6	2					m	0	1	-4, 0, 1		-1	-4
157	157	624	624	2.0	1/2	1/2	2/2	1	1	iv6		C	iii		iv6	iv		6						m	0	1	-4, 0, -1		-1	-4
158	158	626	626	2.0	0	0	2/2	1	1	V		C	iii		V	V								M	0	1	1, 5, 2		1	1
158	158	628	628	1.0	1/2	1/2	2/2	1	1	v		C	iii		v	v								m	0	1	1, -2, 2		1	1
158	158	629	629	1.0	3/4	3/4	2/2	1	1	#viio6/iv		C	iii		#viio6/iv	#vii	o	6		iv				o	0	1	1, -2, 4		4	1
159	159	630	630	2.0	0	0	2/2	1	1	iv		C	iii		iv	iv								m	0	1	-1, -4, 0		-1	-1
159	159	632	632	1.0	1/2	1/2	2/2	1	1	VI		C	iii		VI	VI								M	0	1	-4, 0, -3		-4	-4
159	159	633	633	1.0	3/4	3/4	2/2	1	1	iv6		C	iii		iv6	iv		6						m	0	1	-4, 0, -1		-1	-4
160	160	634	634	2.0	0	0	2/2	1	1	i6		C	iii		i6	i		6						m	0	1	-3, 1, 0		0	-3
160	160	636	636	2.0	1/2	1/2	2/2	1	1	V		C	iii		V	V								M	0	1	1, 5, 2		1	1
161	161	638	638	2.0	0	0	2/2	1	1	ii6		C	iii		ii6	ii		6						m	0	1	-1, 3, 2		2	-1
161	161	640	640	2.0	1/2	1/2	2/2	1	1	V7		C	iii		V7	V		7						Mm7	0	1	1, 5, 2, -1		1	1
162	162	642	642	2.0	0	0	2/2	1	1	i		C	iii		i	i								m	0	1	0, -3, 1		0	0
162	162	644	644	1.0	1/2	1/2	2/2	1	1	VI6		C	iii		VI6	VI		6						M	0	1	0, -3, -4		-4	0
162	162	645	645	1.0	3/4	3/4	2/2	1	1	III64		C	iii		III64	III		64						M	0	1	-2, -3, 1		-3	-2
163	163	646	646	4.0	0	0	2/2	1	1	iv65		C	iii		iv65	iv		65						mm7	0	1	-4, 0, -3, -1		-1	-4
164	164	650	650	3.0	0	0	2/2	1	1	i6		C	iii		i6	i		6						m	0	1	-3, 1, 0		0	-3
164	164	653	653	1.0	3/4	3/4	2/2	1	1	iv		C	iii		iv	iv								m	0	1	-1, -4, 0		-1	-1
165	165	654	654	2.0	0	0	2/2	1	1	V(64)		C	iii		V(64)	V			64					M	0	1	1, 0, -3		1	1
165	165	656	656	2.0	1/2	1/2	2/2	1	1	#viio		C	iii		#viio	#vii	o							o	0	1	5, 2, -1		5	5
166	166	658	658	4.0	0	0	2/2	1	1	i}		C	iii		i	i							}	m	0	1	0, -3, 1		0	0
166	166	659	659	0.0	1/4	1/4	2/2	1	1	{		C	iii										{		0	1				
167	167	662	662	4.0	0	0	2/2	1	1	V.V7/v		C	V		V7/v	V		7		v				Mm7	0	0	2, 6, 3, 0		2	2
168	168	666	666	2.0	0	0	2/2	1	1	v(#74)		C	V		v(#74)	v			#74					m	0	0	1, 0, 2	6	1	1
168	168	668	668	2.0	1/2	1/2	2/2	1	1	v		C	V		v	v								m	0	0	1, -2, 2		1	1
169	169	670	670	4.0	0	0	2/2	1	1	V7/IV		C	V		V7/IV	V		7		IV				Mm7	0	0	0, 4, 1, -2		0	0
170	170	674	674	1.0	0	0	2/2	1	1	IV		C	V		IV	IV								M	0	0	-1, 3, 0		-1	-1
170	170	675	675	1.0	1/4	1/4	2/2	1	1	ii7		C	V		ii7	ii		7						mm7	0	0	2, -1, 3, 0		2	2
170	170	676	676	1.0	1/2	1/2	2/2	1	1	v		C	V		v	v								m	0	0	1, -2, 2		1	1
170	170	677	677	1.0	3/4	3/4	2/2	1	1	iii%7		C	V		iii%7	iii	%	7						%7	0	0	4, 1, -2, 2		4	4
171	171	678	678	1.0	0	0	2/2	1	1	viio/bVII		C	V		viio/bVII	vii	o			bVII				o	0	0	3, 0, -3		3	3
171	171	679	679	1.0	1/4	1/4	2/2	1	1	V7/bVII		C	V		V7/bVII	V		7		bVII				Mm7	0	0	-1, 3, 0, -3		-1	-1
171	171	680	680	1.0	1/2	1/2	2/2	1	1	bVII		C	V		bVII	bVII								M	0	0	-2, 2, -1		-2	-2
171	171	681	681	1.0	3/4	3/4	2/2	1	1	v7		C	V		v7	v		7						mm7	0	0	1, -2, 2, -1		1	1
172	172	682	682	4.0	0	0	2/2	1	1	I		C	V		I	I								M	0	0	0, 4, 1		0	0
173	173	686	686	2.0	0	0	2/2	1	1	II6		C	V		II6	II		6						M	0	0	6, 3, 2		2	6
173	173	688	688	1.0	1/2	1/2	2/2	1	1	ii6		C	V		ii6	ii		6						m	0	0	-1, 3, 2		2	-1
173	173	689	689	1.0	3/4	3/4	2/2	1	1	viio64		C	V		viio64	vii	o	64						o	0	0	-1, 5, 2		5	-1
174	174	690	690	2.0	0	0	2/2	1	1	I6		C	V		I6	I		6						M	0	0	4, 1, 0		0	4
174	174	692	692	1.0	1/2	1/2	2/2	1	1	i6		C	V		i6	i		6						m	0	0	-3, 1, 0		0	-3
174	174	693	693	1.0	3/4	3/4	2/2	1	1	viio64/bVII		C	V		viio64/bVII	vii	o	64		bVII				o	0	0	-3, 3, 0		3	-3
175	175	694	694	3.0	0	0	2/2	1	1	bVII6		C	V		bVII6	bVII		6						M	0	0	2, -1, -2		-2	2
175	175	697	697	1.0	3/4	3/4	2/2	1	1	iio/ii		C	V		iio/ii	ii	o			ii				o	0	0	4, 1, -2		4	4
176	176	698	698	2.0	0	0	2/2	1	1	ii6		C	V		ii6	ii		6						m	0	0	-1, 3, 2		2	-1
176	176	700	700	1.0	1/2	1/2	2/2	1	1	II6		C	V		II6	II		6						M	0	0	6, 3, 2		2	6
176	176	701	701	1.0	3/4	3/4	2/2	1	1	#viio/iii		C	V		#viio/iii	#vii	o			iii				o	0	0	9, 6, 3		9	9
177	177	702	702	2.0	0	0	2/2	1	1	iii		C	V		iii	iii								m	0	0	4, 1, 5		4	4
177	177	704	704	1.0	1/2	1/2	2/2	1	1	IV6		C	V		IV6	IV		6						M	0	0	3, 0, -1		-1	3
177	177	705	705	1.0	3/4	3/4	2/2	1	1	viio		C	V		viio	vii	o							o	0	0	5, 2, -1		5	5
178	178	706	706	2.0	0	0	2/2	1	1	vi6		C	V		vi6	vi		6						m	0	0	0, 4, 3		3	0
178	178	708	708	1.0	1/2	1/2	2/2	1	1	VI6		C	V		VI6	VI		6						M	0	0	7, 4, 3		3	7
178	178	709	709	1.0	3/4	3/4	2/2	1	1	#viio/iii		C	V		#viio/iii	#vii	o			iii				o	0	0	9, 6, 3		9	9
179	179	710	710	2.0	0	0	2/2	1	1	iii		C	V		iii	iii								m	0	0	4, 1, 5		4	4
179	179	712	712	1.0	1/2	1/2	2/2	1	1	I6		C	V		I6	I		6						M	0	0	4, 1, 0		0	4
179	179	713	713	1.0	3/4	3/4	2/2	1	1	viio/V		C	V		viio/V	vii	o			V				o	0	0	6, 3, 0		6	6
180	180	714	714	4.0	0	0	2/2	1	1	V		C	V		V	V								M	0	0	1, 5, 2		1	1
181	181	718	718	2.0	0	0	2/2	1	1	VI6		C	V		VI6	VI		6						M	0	0	7, 4, 3		3	7
181	181	720	720	1.0	1/2	1/2	2/2	1	1	vi6		C	V		vi6	vi		6						m	0	0	0, 4, 3		3	0
181	181	721	721	1.0	3/4	3/4	2/2	1	1	viio64/V		C	V		viio64/V	vii	o	64		V				o	0	0	0, 6, 3		6	0
182	182	722	722	2.0	0	0	2/2	1	1	V6		C	V		V6	V		6						M	0	0	5, 2, 1		1	5
182	182	724	724	1.0	1/2	1/2	2/2	1	1	v6		C	V		v6	v		6						m	0	0	-2, 2, 1		1	-2
182	182	725	725	1.0	3/4	3/4	2/2	1	1	viio64/IV		C	V		viio64/IV	vii	o	64		IV				o	0	0	-2, 4, 1		4	-2
183	183	726	726	3.0	0	0	2/2	1	1	IV6		C	V		IV6	IV		6						M	0	0	3, 0, -1		-1	3
183	183	729	729	1.0	3/4	3/4	2/2	1	1	viio		C	V		viio	vii	o							o	0	0	5, 2, -1		5	5
184	184	730	730	1.0	0	0	2/2	1	1	I		C	V		I	I								M	0	0	0, 4, 1		0	0
184	184	731	731	1.0	1/4	1/4	2/2	1	1	vi7		C	V		vi7	vi		7						mm7	0	0	3, 0, 4, 1		3	3
184	184	732	732	1.0	1/2	1/2	2/2	1	1	ii		C	V		ii	ii								m	0	0	2, -1, 3		2	2
184	184	733	733	1.0	3/4	3/4	2/2	1	1	vii%7		C	V		vii%7	vii	%	7						%7	0	0	5, 2, -1, 3		5	5
185	185	734	734	1.0	0	0	2/2	1	1	I6		C	V		I6	I		6						M	0	0	4, 1, 0		0	4
185	185	735	735	1.0	1/4	1/4	2/2	1	1	V7/IV		C	V		V7/IV	V		7		IV				Mm7	0	0	0, 4, 1, -2		0	0
185	185	736	736	1.0	1/2	1/2	2/2	1	1	IV		C	V		IV	IV								M	0	0	-1, 3, 0		-1	-1
185	185	737	737	1.0	3/4	3/4	2/2	1	1	ii7		C	V		ii7	ii		7						mm7	0	0	2, -1, 3, 0		2	2
186	186	738	738	3.0	0	0	2/2	1	1	V		C	V		V	V								M	0	0	1, 5, 2		1	1
186	186	741	741	1.0	3/4	3/4	2/2	1	1	V7		C	V		V7	V		7						Mm7	0	0	1, 5, 2, -1		1	1
187	187	742	742	2.0	0	0	2/2	1	1	I6		C	V		I6	I		6						M	0	0	4, 1, 0		0	4
187	187	744	744	1.0	1/2	1/2	2/2	1	1	V[V(64)		C	V	V	V(64)	V			64					M	0	0	1, 0, 4		1	1
187	187	745	745	1.0	3/4	3/4	2/2	1	1	V7		C	V		V7	V		7						Mm7	0	0	1, 5, 2, -1		1	1
188	188	746	746	2.0	0	0	2/2	1	1	V(64)		C	V		V(64)	V			64					M	0	0	1, 0, 4		1	1
188	188	748	748	1.0	1/2	1/2	2/2	1	1	V		C	V		V	V								M	0	0	1, 5, 2		1	1
188	188	749	749	1.0	3/4	3/4	2/2	1	1	V(64)		C	V		V(64)	V			64					M	0	0	1, 0, 4		1	1
189	189	750	750	2.0	0	0	2/2	1	1	V7		C	V		V7	V		7						Mm7	0	0	1, 5, 2, -1		1	1
189	189	752	752	1.0	1/2	1/2	2/2	1	1	ii6		C	V		ii6	ii		6						m	0	0	-1, 3, 2		2	-1
189	189	753	753	1.0	3/4	3/4	2/2	1	1	V7		C	V		V7	V		7						Mm7	0	0	1, 5, 2, -1		1	1
190	190	754	754	1.0	0	0	2/2	1	1	V(64)		C	V		V(64)	V			64					M	0	0	1, 0, 4		1	1
190	190	755	755	1.0	1/4	1/4	2/2	1	1	V		C	V		V	V								M	0	0	1, 5, 2		1	1
190	190	756	756	1.0	1/2	1/2	2/2	1	1	V(64)		C	V		V(64)	V			64					M	0	0	1, 0, 4		1	1
190	190	757	757	1.0	3/4	3/4	2/2	1	1	V6/V		C	V		V6/V	V		6		V				M	0	0	6, 3, 2		2	6
191	191	758	758	1.0	0	0	2/2	1	1	V		C	V		V	V								M	0	0	1, 5, 2		1	1
191	191	759	759	1.0	1/4	1/4	2/2	1	1	V(64)		C	V		V(64)	V			64					M	0	0	1, 0, 4		1	1
191	191	760	760	1.0	1/2	1/2	2/2	1	1	V7		C	V		V7	V		7						Mm7	0	0	1, 5, 2, -1		1	1
191	191	761	761	1.0	3/4	3/4	2/2	1	1	V		C	V		V	V								M	0	0	1, 5, 2		1	1
192	192	762	762	2.0	0	0	2/2	1	1	vi		C	V		vi	vi								m	0	0	3, 0, 4		3	3
192	192	764	764	1.0	1/2	1/2	2/2	1	1	iii6		C	V		iii6	iii		6						m	0	0	1, 5, 4		4	1
192	192	765	765	1.0	3/4	3/4	2/2	1	1	vi		C	V		vi	vi								m	0	0	3, 0, 4		3	3
193	193	766	766	1.0	0	0	2/2	1	1	V		C	V		V	V								M	0	0	1, 5, 2		1	1
193	193	767	767	1.0	1/4	1/4	2/2	1	1	iii6		C	V		iii6	iii		6						m	0	0	1, 5, 4		4	1
193	193	768	768	1.0	1/2	1/2	2/2	1	1	IV6		C	V		IV6	IV		6						M	0	0	3, 0, -1		-1	3
193	193	769	769	1.0	3/4	3/4	2/2	1	1	V7		C	V		V7	V		7						Mm7	0	0	1, 5, 2, -1		1	1
194	194	770	770	2.0	0	0	2/2	1	1	V(64)		C	V		V(64)	V			64					M	0	0	1, 0, 4		1	1
194	194	772	772	1.0	1/2	1/2	2/2	1	1	V		C	V		V	V								M	0	0	1, 5, 2		1	1
194	194	773	773	1.0	3/4	3/4	2/2	1	1	v		C	V		v	v								m	0	0	1, -2, 2		1	1
195	195	774	774	1.0	0	0	2/2	1	1	IV6		C	V		IV6	IV		6						M	0	0	3, 0, -1		-1	3
195	195	775	775	1.0	1/4	1/4	2/2	1	1	V		C	V		V	V								M	0	0	1, 5, 2		1	1
195	195	776	776	1.0	1/2	1/2	2/2	1	1	V(64)		C	V		V(64)	V			64					M	0	0	1, 0, 4		1	1
195	195	777	777	1.0	3/4	3/4	2/2	1	1	viio64/V		C	V		viio64/V	vii	o	64		V				o	0	0	0, 6, 3		6	0
196	196	778	778	2.0	0	0	2/2	1	1	V		C	V		V	V								M	0	0	1, 5, 2		1	1
196	196	780	780	1.0	1/2	1/2	2/2	1	1	v		C	V		v	v								m	0	0	1, -2, 2		1	1
196	196	781	781	1.0	3/4	3/4	2/2	1	1	viio6/IV		C	V		viio6/IV	vii	o	6		IV				o	0	0	1, -2, 4		4	1
197	197	782	782	2.0	0	0	2/2	1	1	IV6		C	V		IV6	IV		6						M	0	0	3, 0, -1		-1	3
197	197	784	784	2.0	1/2	1/2	2/2	1	1	iv6		C	V		iv6	iv		6						m	0	0	-4, 0, -1		-1	-4
198	198	786	786	1.0	0	0	2/2	1	1	V(64)		C	V		V(64)	V			64					M	0	0	1, 0, 4		1	1
198	198	787	787	1.0	1/4	1/4	2/2	1	1	V7		C	V		V7	V		7						Mm7	0	0	1, 5, 2, -1		1	1
198	198	788	788	2.0	1/2	1/2	2/2	1	1	V(64)		C	V		V(64)	V			64					M	0	0	1, 0, 4		1	1
199	199	790	790	1.0	0	0	2/2	1	1	vii%7/V		C	V		vii%7/V	vii	%	7		V				%7	0	0	6, 3, 0, 4		6	6
199	199	791	791	1.0	1/4	1/4	2/2	1	1	V(64)		C	V		V(64)	V			64					M	0	0	1, 0, 4		1	1
199	199	792	792	1.0	1/2	1/2	2/2	1	1	V7		C	V		V7	V		7						Mm7	0	0	1, 5, 2, -1		1	1
199	199	793	793	1.0	3/4	3/4	2/2	1	1	V		C	V		V	V								M	0	0	1, 5, 2		1	1
200	200	794	794	1.0	0	0	2/2	1	1	V(13)		C	V		V(13)	V			13					M	0	0	1, 5, 2	4	1	1
200	200	795	795	1.0	1/4	1/4	2/2	1	1	V		C	V		V	V								M	0	0	1, 5, 2		1	1
200	200	796	796	2.0	1/2	1/2	2/2	1	1	V(b64)		C	V		V(b64)	V			b64					M	0	0	1, 0, -3		1	1
201	201	798	798	1.0	0	0	2/2	1	1	V(4)		C	V		V(4)	V			4					M	0	0	1, 0, 2		1	1
201	201	799	799	1.0	1/4	1/4	2/2	1	1	V(64)		C	V		V(64)	V			64					M	0	0	1, 0, 4		1	1
201	201	800	800	2.0	1/2	1/2	2/2	1	1	V7		C	V		V7	V		7						Mm7	0	0	1, 5, 2, -1		1	1
202	202	802	802	2.0	0	0	2/2	1	1	I}		C	V		I	I							}	M	0	0	0, 4, 1		0	0
202	202	804	804	6.0	1/2	1/2	2/2	1	1	I.V6{		C	I		V6	V		6					{	M	0	0	5, 2, 1		1	5
204	204	810	810	2.0	0	0	2/2	1	1	I		C	I		I	I								M	0	0	0, 4, 1		0	0
204	204	812	812	6.0	1/2	1/2	2/2	1	1	viio6		C	I		viio6	vii	o	6						o	0	0	2, -1, 5		5	2
206	206	818	818	2.0	0	0	2/2	1	1	I6		C	I		I6	I		6						M	0	0	4, 1, 0		0	4
206	206	820	820	1.0	1/2	1/2	2/2	1	1	V6		C	I		V6	V		6						M	0	0	5, 2, 1		1	5
206	206	821	821	1.0	3/4	3/4	2/2	1	1	I		C	I		I	I								M	0	0	0, 4, 1		0	0
207	207	822	822	2.0	0	0	2/2	1	1	II		C	I		II	II								M	0	0	2, 6, 3		2	2
207	207	824	824	2.0	1/2	1/2	2/2	1	1	V6/iii		C	I		V6/iii	V		6		iii				M	0	0	9, 6, 5		5	9
208	208	826	826	2.0	0	0	2/2	1	1	iii		C	I		iii	iii								m	0	0	4, 1, 5		4	4
208	208	828	828	2.0	1/2	1/2	2/2	1	1	I6		C	I		I6	I		6						M	0	0	4, 1, 0		0	4
209	209	830	830	3.0	0	0	2/2	1	1	IV		C	I		IV	IV								M	0	0	-1, 3, 0		-1	-1
209	209	833	833	1.0	3/4	3/4	2/2	1	1	viio/V		C	I		viio/V	vii	o			V				o	0	0	6, 3, 0		6	6
210	210	834	834	2.0	0	0	2/2	1	1	V		C	I		V	V								M	0	0	1, 5, 2		1	1
210	210	836	836	2.0	1/2	1/2	2/2	1	1	V64		C	I		V64	V		64						M	0	0	2, 1, 5		1	2
211	211	838	838	2.0	0	0	2/2	1	1	I		C	I		I	I								M	0	0	0, 4, 1		0	0
211	211	840	840	2.0	1/2	1/2	2/2	1	1	V7/ii		C	I		V7/ii	V		7		ii				Mm7	0	0	3, 7, 4, 1		3	3
212	212	842	842	2.0	0	0	2/2	1	1	ii		C	I		ii	ii								m	0	0	2, -1, 3		2	2
212	212	844	844	2.0	1/2	1/2	2/2	1	1	v		C	I		v	v								m	0	0	1, -2, 2		1	1
213	213	846	846	3.0	0	0	2/2	1	1	i		C	I		i	i								m	0	0	0, -3, 1		0	0
213	213	849	849	1.0	3/4	3/4	2/2	1	1	I		C	I		I	I								M	0	0	0, 4, 1		0	0
214	214	850	850	2.0	0	0	2/2	1	1	IV		C	I		IV	IV								M	0	0	-1, 3, 0		-1	-1
214	214	852	852	2.0	1/2	1/2	2/2	1	1	V6/V		C	I		V6/V	V		6		V				M	0	0	6, 3, 2		2	6
215	215	854	854	2.0	0	0	2/2	1	1	V		C	I		V	V								M	0	0	1, 5, 2		1	1
215	215	856	856	2.0	1/2	1/2	2/2	1	1	I		C	I		I	I								M	0	0	0, 4, 1		0	0
216	216	858	858	2.0	0	0	2/2	1	1	iv		C	I		iv	iv								m	0	0	-1, -4, 0		-1	-1
216	216	860	860	2.0	1/2	1/2	2/2	1	1	ii		C	I		ii	ii								m	0	0	2, -1, 3		2	2
217	217	862	862	3.0	0	0	2/2	1	1	v		C	I		v	v								m	0	0	1, -2, 2		1	1
217	217	865	865	1.0	3/4	3/4	2/2	1	1	viio6		C	I		viio6	vii	o	6						o	0	0	2, -1, 5		5	2
218	218	866	866	2.0	0	0	2/2	1	1	I		C	I		I	I								M	0	0	0, 4, 1		0	0
218	218	868	868	2.0	1/2	1/2	2/2	1	1	i6		C	I		i6	i		6						m	0	0	-3, 1, 0		0	-3
219	219	870	870	2.0	0	0	2/2	1	1	V7/v		C	I		V7/v	V		7		v				Mm7	0	0	2, 6, 3, 0		2	2
219	219	872	872	2.0	1/2	1/2	2/2	1	1	v6		C	I		v6	v		6						m	0	0	-2, 2, 1		1	-2
220	220	874	874	3.0	0	0	2/2	1	1	V43/ii		C	I		V43/ii	V		43		ii				Mm7	0	0	4, 1, 3, 7		3	4
220	220	877	877	1.0	3/4	3/4	2/2	1	1	V7/ii		C	I		V7/ii	V		7		ii				Mm7	0	0	3, 7, 4, 1		3	3
221	221	878	878	4.0	0	0	2/2	1	1	ii		C	I		ii	ii								m	0	0	2, -1, 3		2	2
222	222	882	882	2.0	0	0	2/2	1	1	V2/vi		C	I		V2/vi	V		2		vi				Mm7	0	0	2, 4, 8, 5		4	2
222	222	884	884	2.0	1/2	1/2	2/2	1	1	vi6		C	I		vi6	vi		6						m	0	0	0, 4, 3		3	0
223	223	886	886	4.0	0	0	2/2	1	1	V65/iii		C	I		V65/iii	V		65		iii				Mm7	0	0	9, 6, 3, 5		5	9
224	224	890	890	4.0	0	0	2/2	1	1	iii		C	I		iii	iii								m	0	0	4, 1, 5		4	4
225	225	894	894	2.0	0	0	2/2	1	1	V65/ii		C	I		V65/ii	V		65		ii				Mm7	0	0	7, 4, 1, 3		3	7
225	225	896	896	2.0	1/2	1/2	2/2	1	1	ii		C	I		ii	ii								m	0	0	2, -1, 3		2	2
226	226	898	898	3.0	0	0	2/2	1	1	V2/vi		C	I		V2/vi	V		2		vi				Mm7	0	0	2, 4, 8, 5		4	2
226	226	901	901	1.0	3/4	3/4	2/2	1	1	v64		C	I		v64	v		64						m	0	0	2, 1, -2		1	2
227	227	902	902	2.0	0	0	2/2	1	1	V65/ii		C	I		V65/ii	V		65		ii				Mm7	0	0	7, 4, 1, 3		3	7
227	227	904	904	2.0	1/2	1/2	2/2	1	1	ii		C	I		ii	ii								m	0	0	2, -1, 3		2	2
228	228	906	906	2.0	0	0	2/2	1	1	V65		C	I		V65	V		65						Mm7	0	0	5, 2, -1, 1		1	5
228	228	908	908	2.0	1/2	1/2	2/2	1	1	I		C	I		I	I								M	0	0	0, 4, 1		0	0
229	229	910	910	1.0	0	0	2/2	1	1	ii6		C	I		ii6	ii		6						m	0	0	-1, 3, 2		2	-1
229	229	911	911	1.0	1/4	1/4	2/2	1	1	I6		C	I		I6	I		6						M	0	0	4, 1, 0		0	4
229	229	912	912	2.0	1/2	1/2	2/2	1	1	V7		C	I		V7	V		7						Mm7	0	0	1, 5, 2, -1		1	1
230	230	914	914	2.0	0	0	2/2	1	1	I		C	I		I	I								M	0	0	0, 4, 1		0	0
230	230	916	916	1.0	1/2	1/2	2/2	1	1	vi6		C	I		vi6	vi		6						m	0	0	0, 4, 3		3	0
230	230	917	917	1.0	3/4	3/4	2/2	1	1	V6		C	I		V6	V		6						M	0	0	5, 2, 1		1	5
231	231	918	918	2.0	0	0	2/2	1	1	viio6/V		C	I		viio6/V	vii	o	6		V				o	0	0	3, 0, 6		6	3
231	231	920	920	1.0	1/2	1/2	2/2	1	1	IV(2)/V		C	I		IV(2)/V	IV			2	V				M	0	0	2, 4, 1		0	2
231	231	921	921	1.0	3/4	3/4	2/2	1	1	viio64/V		C	I		viio64/V	vii	o	64		V				o	0	0	0, 6, 3		6	0
232	232	922	922	2.0	0	0	2/2	1	1	V6		C	I		V6	V		6						M	0	0	5, 2, 1		1	5
232	232	924	924	1.0	1/2	1/2	2/2	1	1	ii64(4)		C	I		ii64(4)	ii		64	4					m	0	0	3, 2, 1		2	3
232	232	925	925	1.0	3/4	3/4	2/2	1	1	viio		C	I		viio	vii	o							o	0	0	5, 2, -1		5	5
233	233	926	926	2.0	0	0	2/2	1	1	I		C	I		I	I								M	0	0	0, 4, 1		0	0
233	233	928	928	1.0	1/2	1/2	2/2	1	1	IV(2)/IV		C	I		IV(2)/IV	IV			2	IV				M	0	0	0, 2, -1		-2	0
233	233	929	929	1.0	3/4	3/4	2/2	1	1	viio64/IV		C	I		viio64/IV	vii	o	64		IV				o	0	0	-2, 4, 1		4	-2
234	234	930	930	2.0	0	0	2/2	1	1	IV6		C	I		IV6	IV		6						M	0	0	3, 0, -1		-1	3
234	234	932	932	2.0	1/2	1/2	2/2	1	1	iii6		C	I		iii6	iii		6						m	0	0	1, 5, 4		4	1
235	235	934	934	2.0	0	0	2/2	1	1	ii6		C	I		ii6	ii		6						m	0	0	-1, 3, 2		2	-1
235	235	936	936	2.0	1/2	1/2	2/2	1	1	I6		C	I		I6	I		6						M	0	0	4, 1, 0		0	4
236	236	938	938	2.0	0	0	2/2	1	1	viio6(2)		C	I		viio6(2)	vii	o	6	2					o	0	0	2, -1, 0		5	2
236	236	940	940	2.0	1/2	1/2	2/2	1	1	V		C	I		V	V								M	0	0	1, 5, 2		1	1
237	237	942	942	2.0	0	0	2/2	1	1	iv6(2)		C	I		iv6(2)	iv		6	2					m	0	0	-4, 0, 1		-1	-4
237	237	944	944	2.0	1/2	1/2	2/2	1	1	V65/bVII		C	I		V65/bVII	V		65		bVII				Mm7	0	0	3, 0, -3, -1		-1	3
238	238	946	946	3.0	0	0	2/2	1	1	bVII		C	I		bVII	bVII								M	0	0	-2, 2, -1		-2	-2
238	238	949	949	1.0	3/4	3/4	2/2	1	1	V65		C	I		V65	V		65						Mm7	0	0	5, 2, -1, 1		1	5
239	239	950	950	3.0	0	0	2/2	1	1	I		C	I		I	I								M	0	0	0, 4, 1		0	0
239	239	953	953	1.0	3/4	3/4	2/2	1	1	#viio7/ii		C	I		#viio7/ii	#vii	o	7		ii				o7	0	0	7, 4, 1, -2		7	7
240	240	954	954	2.0	0	0	2/2	1	1	ii		C	I		ii	ii								m	0	0	2, -1, 3		2	2
240	240	956	956	1.0	1/2	1/2	2/2	1	1	viio6		C	I		viio6	vii	o	6						o	0	0	2, -1, 5		5	2
240	240	957	957	1.0	3/4	3/4	2/2	1	1	ii2		C	I		ii2	ii		2						mm7	0	0	0, 2, -1, 3		2	0
241	241	958	958	2.0	0	0	2/2	1	1	V65		C	I		V65	V		65						Mm7	0	0	5, 2, -1, 1		1	5
241	241	960	960	1.0	1/2	1/2	2/2	1	1	I		C	I		I	I								M	0	0	0, 4, 1		0	0
241	241	961	961	1.0	3/4	3/4	2/2	1	1	V2/IV		C	I		V2/IV	V		2		IV				Mm7	0	0	-2, 0, 4, 1		0	-2
242	242	962	962	4.0	0	0	2/2	1	1	viio65/V		C	I		viio65/V	vii	o	65		V				o7	0	0	3, 0, -3, 6		6	3
243	243	966	966	4.0	0	0	2/2	1	1	V2/V		C	I		V2/V	V		2		V				Mm7	0	0	0, 2, 6, 3		2	0
244	244	970	970	2.0	0	0	2/2	1	1	V6		C	I		V6	V		6						M	0	0	5, 2, 1		1	5
244	244	972	972	1.0	1/2	1/2	2/2	1	1	I		C	I		I	I								M	0	0	0, 4, 1		0	0
244	244	973	973	1.0	3/4	3/4	2/2	1	1	viio6/V		C	I		viio6/V	vii	o	6		V				o	0	0	3, 0, 6		6	3
245	245	974	974	2.0	0	0	2/2	1	1	V(4)		C	I		V(4)	V			4					M	0	0	1, 0, 2		1	1
245	245	976	976	2.0	1/2	1/2	2/2	1	1	V		C	I		V	V								M	0	0	1, 5, 2		1	1
246	246	978	978	6.0	0	0	2/2	1	1	I}		C	I		I	I							}	M	0	0	0, 4, 1		0	0
246	246	979	979	0.0	1/4	1/4	2/2	1	1	{		C	I										{		0	0				
247	247	984	984	2.0	1/2	1/2	2/2	1	1	V7/IV		C	I		V7/IV	V		7		IV				Mm7	0	0	0, 4, 1, -2		0	0
248	248	986	986	2.0	0	0	2/2	1	1	ii		C	I		ii	ii								m	0	0	2, -1, 3		2	2
248	248	988	988	4.0	1/2	1/2	2/2	1	1	V/V		C	I		V/V	V				V				M	0	0	2, 6, 3		2	2
249	249	992	992	2.0	1/2	1/2	2/2	1	1	V7/V		C	I		V7/V	V		7		V				Mm7	0	0	2, 6, 3, 0		2	2
250	250	994	994	6.0	0	0	2/2	1	1	V		C	I		V	V								M	0	0	1, 5, 2		1	1
251	251	1000	1000	2.0	1/2	1/2	2/2	1	1	V7		C	I		V7	V		7						Mm7	0	0	1, 5, 2, -1		1	1
252	252	1002	1002	4.0	0	0	2/2	1	1	I64		C	I		I64	I		64						M	0	0	1, 0, 4		0	1
253	253	1006	1006	4.0	0	0	2/2	1	1	viio6/V		C	I		viio6/V	vii	o	6		V				o	0	0	3, 0, 6		6	3
254	254	1010	1010	4.0	0	0	2/2	1	1	V6		C	I		V6	V		6						M	0	0	5, 2, 1		1	5
255	255	1014	1014	4.0	0	0	2/2	1	1	viio64/V		C	I		viio64/V	vii	o	64		V				o	0	0	0, 6, 3		6	0
256	256	1018	1018	4.0	0	0	2/2	1	1	V64		C	I		V64	V		64						M	0	0	2, 1, 5		1	2
257	257	1022	1022	2.0	0	0	2/2	1	1	vi		C	I		vi	vi								m	0	0	3, 0, 4		3	3
257	257	1024	1024	1.0	1/2	1/2	2/2	1	1	I6		C	I		I6	I		6						M	0	0	4, 1, 0		0	4
257	257	1025	1025	1.0	3/4	3/4	2/2	1	1	viio/V		C	I		viio/V	vii	o			V				o	0	0	6, 3, 0		6	6
258	258	1026	1026	2.0	0	0	2/2	1	1	V		C	I		V	V								M	0	0	1, 5, 2		1	1
258	258	1028	1028	1.0	1/2	1/2	2/2	1	1	IV6/IV		C	I		IV6/IV	IV		6		IV				M	0	0	2, -1, -2		-2	2
258	258	1029	1029	1.0	3/4	3/4	2/2	1	1	viio/IV		C	I		viio/IV	vii	o			IV				o	0	0	4, 1, -2		4	4
259	259	1030	1030	1.0	0	0	2/2	1	1	IV(b4)		C	I		IV(b4)	IV			b4					M	0	0	-1, -2, 0		-1	-1
259	259	1031	1031	2.0	1/4	1/4	2/2	1	1	IV		C	I		IV	IV								M	0	0	-1, 3, 0		-1	-1
259	259	1033	1033	1.0	3/4	3/4	2/2	1	1	viio64		C	I		viio64	vii	o	64						o	0	0	-1, 5, 2		5	-1
260	260	1034	1034	4.0	0	0	2/2	1	1	I6		C	I		I6	I		6						M	0	0	4, 1, 0		0	4
261	261	1038	1038	4.0	0	0	2/2	1	1	ii6		C	I		ii6	ii		6						m	0	0	-1, 3, 2		2	-1
262	262	1042	1042	3.0	0	0	2/2	1	1	iii6		C	I		iii6	iii		6						m	0	0	1, 5, 4		4	1
262	262	1045	1045	1.0	3/4	3/4	2/2	1	1	viio6/IV		C	I		viio6/IV	vii	o	6		IV				o	0	0	1, -2, 4		4	1
263	263	1046	1046	4.0	0	0	2/2	1	1	IV6		C	I		IV6	IV		6						M	0	0	3, 0, -1		-1	3
264	264	1050	1050	4.0	0	0	2/2	1	1	V6		C	I		V6	V		6						M	0	0	5, 2, 1		1	5
265	265	1054	1054	2.0	0	0	2/2	1	1	IV6		C	I		IV6	IV		6						M	0	0	3, 0, -1		-1	3
265	265	1056	1056	2.0	1/2	1/2	2/2	1	1	iii6		C	I		iii6	iii		6						m	0	0	1, 5, 4		4	1
266	266	1058	1058	2.0	0	0	2/2	1	1	ii6		C	I		ii6	ii		6						m	0	0	-1, 3, 2		2	-1
266	266	1060	1060	2.0	1/2	1/2	2/2	1	1	I6		C	I		I6	I		6						M	0	0	4, 1, 0		0	4
267	267	1062	1062	3.0	0	0	2/2	1	1	ii6		C	I		ii6	ii		6						m	0	0	-1, 3, 2		2	-1
267	267	1065	1065	1.0	3/4	3/4	2/2	1	1	viio64		C	I		viio64	vii	o	64						o	0	0	-1, 5, 2		5	-1
268	268	1066	1066	2.0	0	0	2/2	1	1	I6		C	I		I6	I		6						M	0	0	4, 1, 0		0	4
268	268	1068	1068	1.0	1/2	1/2	2/2	1	1	i6		C	I		i6	i		6						m	0	0	-3, 1, 0		0	-3
268	268	1069	1069	1.0	3/4	3/4	2/2	1	1	viio64/bVII		C	I		viio64/bVII	vii	o	64		bVII				o	0	0	-3, 3, 0		3	-3
269	269	1070	1070	2.0	0	0	2/2	1	1	bVII6		C	I		bVII6	bVII		6						M	0	0	2, -1, -2		-2	2
269	269	1072	1072	1.0	1/2	1/2	2/2	1	1	V/v		C	I		V/v	V				v				M	0	0	2, 6, 3		2	2
269	269	1073	1073	1.0	3/4	3/4	2/2	1	1	v64		C	I		v64	v		64						m	0	0	2, 1, -2		1	2
270	270	1074	1074	3.0	0	0	2/2	1	1	vi6		C	I		vi6	vi		6						m	0	0	0, 4, 3		3	0
270	270	1077	1077	1.0	3/4	3/4	2/2	1	1	viio64/V		C	I		viio64/V	vii	o	64		V				o	0	0	0, 6, 3		6	0
271	271	1078	1078	4.0	0	0	2/2	1	1	V6		C	I		V6	V		6						M	0	0	5, 2, 1		1	5
272	272	1082	1082	1.0	0	0	2/2	1	1	V		C	I		V	V								M	0	0	1, 5, 2		1	1
272	272	1083	1083	1.0	1/4	1/4	2/2	1	1	V6/V		C	I		V6/V	V		6		V				M	0	0	6, 3, 2		2	6
272	272	1084	1084	8.0	1/2	1/2	2/2	1	1	V[V		C	I	V	V	V								M	0	0	1, 5, 2		1	1
274	274	1092	1092	1.0	1/2	1/2	2/2	1	1	V(64)		C	I		V(64)	V			64					M	0	0	1, 0, 4		1	1
274	274	1093	1093	1.0	3/4	3/4	2/2	1	1	V7		C	I		V7	V		7						Mm7	0	0	1, 5, 2, -1		1	1
275	275	1094	1094	2.0	0	0	2/2	1	1	V(64)		C	I		V(64)	V			64					M	0	0	1, 0, 4		1	1
275	275	1096	1096	1.0	1/2	1/2	2/2	1	1	V		C	I		V	V								M	0	0	1, 5, 2		1	1
275	275	1097	1097	1.0	3/4	3/4	2/2	1	1	V(64)		C	I		V(64)	V			64					M	0	0	1, 0, 4		1	1
276	276	1098	1098	2.0	0	0	2/2	1	1	V7		C	I		V7	V		7						Mm7	0	0	1, 5, 2, -1		1	1
276	276	1100	1100	1.0	1/2	1/2	2/2	1	1	ii6		C	I		ii6	ii		6						m	0	0	-1, 3, 2		2	-1
276	276	1101	1101	1.0	3/4	3/4	2/2	1	1	V		C	I		V	V								M	0	0	1, 5, 2		1	1
277	277	1102	1102	1.0	0	0	2/2	1	1	V(64)		C	I		V(64)	V			64					M	0	0	1, 0, 4		1	1
277	277	1103	1103	1.0	1/4	1/4	2/2	1	1	V		C	I		V	V								M	0	0	1, 5, 2		1	1
277	277	1104	1104	1.0	1/2	1/2	2/2	1	1	V(64)		C	I		V(64)	V			64					M	0	0	1, 0, 4		1	1
277	277	1105	1105	1.0	3/4	3/4	2/2	1	1	V6/V		C	I		V6/V	V		6		V				M	0	0	6, 3, 2		2	6
278	278	1106	1106	1.0	0	0	2/2	1	1	V		C	I		V	V								M	0	0	1, 5, 2		1	1
278	278	1107	1107	1.0	1/4	1/4	2/2	1	1	V(64)		C	I		V(64)	V			64					M	0	0	1, 0, 4		1	1
278	278	1108	1108	1.0	1/2	1/2	2/2	1	1	V7		C	I		V7	V		7						Mm7	0	0	1, 5, 2, -1		1	1
278	278	1109	1109	1.0	3/4	3/4	2/2	1	1	V		C	I		V	V								M	0	0	1, 5, 2		1	1
279	279	1110	1110	2.0	0	0	2/2	1	1	vi		C	I		vi	vi								m	0	0	3, 0, 4		3	3
279	279	1112	1112	1.0	1/2	1/2	2/2	1	1	iii6		C	I		iii6	iii		6						m	0	0	1, 5, 4		4	1
279	279	1113	1113	1.0	3/4	3/4	2/2	1	1	vi		C	I		vi	vi								m	0	0	3, 0, 4		3	3
280	280	1114	1114	1.0	0	0	2/2	1	1	V		C	I		V	V								M	0	0	1, 5, 2		1	1
280	280	1115	1115	1.0	1/4	1/4	2/2	1	1	viio6/IV		C	I		viio6/IV	vii	o	6		IV				o	0	0	1, -2, 4		4	1
280	280	1116	1116	1.0	1/2	1/2	2/2	1	1	IV6		C	I		IV6	IV		6						M	0	0	3, 0, -1		-1	3
280	280	1117	1117	1.0	3/4	3/4	2/2	1	1	V7		C	I		V7	V		7						Mm7	0	0	1, 5, 2, -1		1	1
281	281	1118	1118	1.0	0	0	2/2	1	1	V(64)		C	I		V(64)	V			64					M	0	0	1, 0, 4		1	1
281	281	1119	1119	1.0	1/4	1/4	2/2	1	1	viio64/V		C	I		viio64/V	vii	o	64		V				o	0	0	0, 6, 3		6	0
281	281	1120	1120	1.0	1/2	1/2	2/2	1	1	V		C	I		V	V								M	0	0	1, 5, 2		1	1
281	281	1121	1121	1.0	3/4	3/4	2/2	1	1	v		C	I		v	v								m	0	0	1, -2, 2		1	1
282	282	1122	1122	1.0	0	0	2/2	1	1	IV6		C	I		IV6	IV		6						M	0	0	3, 0, -1		-1	3
282	282	1123	1123	1.0	1/4	1/4	2/2	1	1	V		C	I		V	V								M	0	0	1, 5, 2		1	1
282	282	1124	1124	1.0	1/2	1/2	2/2	1	1	V(64)		C	I		V(64)	V			64					M	0	0	1, 0, 4		1	1
282	282	1125	1125	1.0	3/4	3/4	2/2	1	1	viio64/V		C	I		viio64/V	vii	o	64		V				o	0	0	0, 6, 3		6	0
283	283	1126	1126	2.0	0	0	2/2	1	1	V		C	I		V	V								M	0	0	1, 5, 2		1	1
283	283	1128	1128	1.0	1/2	1/2	2/2	1	1	v		C	I		v	v								m	0	0	1, -2, 2		1	1
283	283	1129	1129	1.0	3/4	3/4	2/2	1	1	viio6/IV		C	I		viio6/IV	vii	o	6		IV				o	0	0	1, -2, 4		4	1
284	284	1130	1130	2.0	0	0	2/2	1	1	IV6		C	I		IV6	IV		6						M	0	0	3, 0, -1		-1	3
284	284	1132	1132	2.0	1/2	1/2	2/2	1	1	iv6		C	I		iv6	iv		6						m	0	0	-4, 0, -1		-1	-4
285	285	1134	1134	1.0	0	0	2/2	1	1	V(64)		C	I		V(64)	V			64					M	0	0	1, 0, 4		1	1
285	285	1135	1135	1.0	1/4	1/4	2/2	1	1	V7		C	I		V7	V		7						Mm7	0	0	1, 5, 2, -1		1	1
285	285	1136	1136	2.0	1/2	1/2	2/2	1	1	V(64)		C	I		V(64)	V			64					M	0	0	1, 0, 4		1	1
286	286	1138	1138	1.0	0	0	2/2	1	1	ii6(2)		C	I		ii6(2)	ii		6	2					m	0	0	-1, 3, 4		2	-1
286	286	1139	1139	1.0	1/4	1/4	2/2	1	1	I6		C	I		I6	I		6						M	0	0	4, 1, 0		0	4
286	286	1140	1140	2.0	1/2	1/2	2/2	1	1	ii6		C	I		ii6	ii		6						m	0	0	-1, 3, 2		2	-1
287	287	1142	1142	1.0	0	0	2/2	1	1	I6(2)		C	I		I6(2)	I		6	2					M	0	0	4, 1, 2		0	4
287	287	1143	1143	1.0	1/4	1/4	2/2	1	1	V		C	I		V	V								M	0	0	1, 5, 2		1	1
287	287	1144	1144	3.0	1/2	1/2	2/2	1	1	V(64)		C	I		V(64)	V			64					M	0	0	1, 0, 4		1	1
288	288	1147	1147	1.0	1/4	1/4	2/2	1	1	V		C	I		V	V								M	0	0	1, 5, 2		1	1
288	288	1148	1148	1.0	1/2	1/2	2/2	1	1	V(64)		C	I		V(64)	V			64					M	0	0	1, 0, 4		1	1
288	288	1149	1149	1.0	3/4	3/4	2/2	1	1	viio2/V		C	I		viio2/V	vii	o	2		V				o7	0	0	-3, 6, 3, 0		6	-3
289	289	1150	1150	4.0	0	0	2/2	1	1	V]}		C	I		V	V					]		}	M	0	0	1, 5, 2		1	1
289	289	1152	1152	0.0	1/2	1/2	2/2	1	1	{		C	I										{		0	0				
290	290	1154	1154	2.0	0	0	2/2	1	1	IV		C	I		IV	IV								M	0	0	-1, 3, 0		-1	-1
290	290	1156	1156	2.0	1/2	1/2	2/2	1	1	I		C	I		I	I								M	0	0	0, 4, 1		0	0
291	291	1158	1158	2.0	0	0	2/2	1	1	V6		C	I		V6	V		6						M	0	0	5, 2, 1		1	5
291	291	1160	1160	1.0	1/2	1/2	2/2	1	1	v6		C	I		v6	v		6						m	0	0	-2, 2, 1		1	-2
291	291	1161	1161	1.0	3/4	3/4	2/2	1	1	viio64/IV		C	I		viio64/IV	vii	o	64		IV				o	0	0	-2, 4, 1		4	-2
292	292	1162	1162	1.0	0	0	2/2	1	1	IV6		C	I		IV6	IV		6						M	0	0	3, 0, -1		-1	3
292	292	1163	1163	1.0	1/4	1/4	2/2	1	1	iii6		C	I		iii6	iii		6						m	0	0	1, 5, 4		4	1
292	292	1164	1164	1.0	1/2	1/2	2/2	1	1	IV6		C	I		IV6	IV		6						M	0	0	3, 0, -1		-1	3
292	292	1165	1165	1.0	3/4	3/4	2/2	1	1	V6		C	I		V6	V		6						M	0	0	5, 2, 1		1	5
293	293	1166	1166	1.0	0	0	2/2	1	1	I		C	I		I	I								M	0	0	0, 4, 1		0	0
293	293	1167	1167	1.0	1/4	1/4	2/2	1	1	V6		C	I		V6	V		6						M	0	0	5, 2, 1		1	5
293	293	1168	1168	1.0	1/2	1/2	2/2	1	1	vi		C	I		vi	vi								m	0	0	3, 0, 4		3	3
293	293	1169	1169	1.0	3/4	3/4	2/2	1	1	V64/V		C	I		V64/V	V		64		V				M	0	0	3, 2, 6		2	3
294	294	1170	1170	2.0	0	0	2/2	1	1	V(64)		C	I		V(64)	V			64					M	0	0	1, 0, 4		1	1
294	294	1172	1172	1.0	1/2	1/2	2/2	1	1	V		C	I		V	V								M	0	0	1, 5, 2		1	1
294	294	1173	1173	1.0	3/4	3/4	2/2	1	1	vi7		C	I		vi7	vi		7						mm7	0	0	3, 0, 4, 1		3	3
295	295	1174	1174	2.0	0	0	2/2	1	1	ii/ii		C	I		ii/ii	ii				ii				m	0	0	4, 1, 5		4	4
295	295	1176	1176	2.0	1/2	1/2	2/2	1	1	ii%65/ii		C	I		ii%65/ii	ii	%	65		ii				%7	0	0	1, -2, 2, 4		4	1
296	296	1178	1178	3.0	0	0	2/2	1	1	vi		C	I		vi	vi								m	0	0	3, 0, 4		3	3
296	296	1181	1181	1.0	3/4	3/4	2/2	1	1	viio6/V		C	I		viio6/V	vii	o	6		V				o	0	0	3, 0, 6		6	3
297	297	1182	1182	2.0	0	0	2/2	1	1	V		C	I		V	V								M	0	0	1, 5, 2		1	1
297	297	1184	1184	2.0	1/2	1/2	2/2	1	1	I6		C	I		I6	I		6						M	0	0	4, 1, 0		0	4
298	298	1186	1186	2.0	0	0	2/2	1	1	ii6(2)		C	I		ii6(2)	ii		6	2					m	0	0	-1, 3, 4		2	-1
298	298	1188	1188	2.0	1/2	1/2	2/2	1	1	ii6		C	I		ii6	ii		6						m	0	0	-1, 3, 2		2	-1
299	299	1190	1190	2.0	0	0	2/2	1	1	I6(2)		C	I		I6(2)	I		6	2					M	0	0	4, 1, 2		0	4
299	299	1192	1192	2.0	1/2	1/2	2/2	1	1	I6		C	I		I6	I		6						M	0	0	4, 1, 0		0	4
300	300	1194	1194	2.0	0	0	2/2	1	1	VI		C	I		VI	VI								M	0	0	3, 7, 4		3	3
300	300	1196	1196	1.0	1/2	1/2	2/2	1	1	vi		C	I		vi	vi								m	0	0	3, 0, 4		3	3
300	300	1197	1197	1.0	3/4	3/4	2/2	1	1	viio6/V		C	I		viio6/V	vii	o	6		V				o	0	0	3, 0, 6		6	3
301	301	1198	1198	2.0	0	0	2/2	1	1	V		C	I		V	V								M	0	0	1, 5, 2		1	1
301	301	1200	1200	1.0	1/2	1/2	2/2	1	1	v		C	I		v	v								m	0	0	1, -2, 2		1	1
301	301	1201	1201	1.0	3/4	3/4	2/2	1	1	iio6/ii		C	I		iio6/ii	ii	o	6		ii				o	0	0	1, -2, 4		4	1
302	302	1202	1202	3.0	0	0	2/2	1	1	ii		C	I		ii	ii								m	0	0	2, -1, 3		2	2
302	302	1205	1205	1.0	3/4	3/4	2/2	1	1	iio6/vi		C	I		iio6/vi	ii	o	6		vi				o	0	0	2, -1, 5		5	2
303	303	1206	1206	4.0	0	0	2/2	1	1	vi		C	I		vi	vi								m	0	0	3, 0, 4		3	3
304	304	1210	1210	2.0	0	0	2/2	1	1	iii		C	I		iii	iii								m	0	0	4, 1, 5		4	4
304	304	1212	1212	2.0	1/2	1/2	2/2	1	1	V7/ii		C	I		V7/ii	V		7		ii				Mm7	0	0	3, 7, 4, 1		3	3
305	305	1214	1214	2.0	0	0	2/2	1	1	ii		C	I		ii	ii								m	0	0	2, -1, 3		2	2
305	305	1216	1216	2.0	1/2	1/2	2/2	1	1	IV		C	I		IV	IV								M	0	0	-1, 3, 0		-1	-1
306	306	1218	1218	2.0	0	0	2/2	1	1	III		C	I		III	III								M	0	0	4, 8, 5		4	4
306	306	1220	1220	1.0	1/2	1/2	2/2	1	1	iii		C	I		iii	iii								m	0	0	4, 1, 5		4	4
306	306	1221	1221	1.0	3/4	3/4	2/2	1	1	viio6/II		C	I		viio6/II	vii	o	6		II				o	0	0	4, 1, 7		7	4
307	307	1222	1222	2.0	0	0	2/2	1	1	II		C	I		II	II								M	0	0	2, 6, 3		2	2
307	307	1224	1224	1.0	1/2	1/2	2/2	1	1	ii		C	I		ii	ii								m	0	0	2, -1, 3		2	2
307	307	1225	1225	1.0	3/4	3/4	2/2	1	1	iio6/vi		C	I		iio6/vi	ii	o	6		vi				o	0	0	2, -1, 5		5	2
308	308	1226	1226	2.0	0	0	2/2	1	1	vi		C	I		vi	vi								m	0	0	3, 0, 4		3	3
308	308	1228	1228	2.0	1/2	1/2	2/2	1	1	V7/V		C	I		V7/V	V		7		V				Mm7	0	0	2, 6, 3, 0		2	2
309	309	1230	1230	4.0	0	0	2/2	1	1	V}		C	I		V	V							}	M	0	0	1, 5, 2		1	1
309	309	1231	1231	0.0	1/4	1/4	2/2	1	1	{		C	I										{		0	0				
310	310	1234	1234	4.0	0	0	2/2	1	1	V2/ii		C	I		V2/ii	V		2		ii				Mm7	0	0	1, 3, 7, 4		3	1
311	311	1238	1238	4.0	0	0	2/2	1	1	ii6		C	I		ii6	ii		6						m	0	0	-1, 3, 2		2	-1
312	312	1242	1242	4.0	0	0	2/2	1	1	V2		C	I		V2	V		2						Mm7	0	0	-1, 1, 5, 2		1	-1
313	313	1246	1246	1.0	0	0	2/2	1	1	I6		C	I		I6	I		6						M	0	0	4, 1, 0		0	4
313	313	1247	1247	1.0	1/4	1/4	2/2	1	1	ii6		C	I		ii6	ii		6						m	0	0	-1, 3, 2		2	-1
313	313	1248	1248	2.0	1/2	1/2	2/2	1	1	I		C	I		I	I								M	0	0	0, 4, 1		0	0
314	314	1250	1250	2.0	0	0	2/2	1	1	II		C	I		II	II								M	0	0	2, 6, 3		2	2
314	314	1252	1252	1.0	1/2	1/2	2/2	1	1	ii64		C	I		ii64	ii		64						m	0	0	3, 2, -1		2	3
314	314	1253	1253	1.0	3/4	3/4	2/2	1	1	viio		C	I		viio	vii	o							o	0	0	5, 2, -1		5	5
315	315	1254	1254	2.0	0	0	2/2	1	1	I		C	I		I	I								M	0	0	0, 4, 1		0	0
315	315	1256	1256	1.0	1/2	1/2	2/2	1	1	i64		C	I		i64	i		64						m	0	0	1, 0, -3		0	1
315	315	1257	1257	1.0	3/4	3/4	2/2	1	1	viio/IV/IV		C	I		viio/IV/IV	vii	o			IV/IV				o	0	0	3, 0, -3		3	3
316	316	1258	1258	2.0	0	0	2/2	1	1	IV/IV		C	I		IV/IV	IV				IV				M	0	0	-2, 2, -1		-2	-2
316	316	1260	1260	2.0	1/2	1/2	2/2	1	1	viio64/IV		C	I		viio64/IV	vii	o	64		IV				o	0	0	-2, 4, 1		4	-2
317	317	1262	1262	2.0	0	0	2/2	1	1	IV6		C	I		IV6	IV		6						M	0	0	3, 0, -1		-1	3
317	317	1264	1264	2.0	1/2	1/2	2/2	1	1	viio		C	I		viio	vii	o							o	0	0	5, 2, -1		5	5
318	318	1266	1266	2.0	0	0	2/2	1	1	I		C	I		I	I								M	0	0	0, 4, 1		0	0
318	318	1268	1268	2.0	1/2	1/2	2/2	1	1	viio64/V		C	I		viio64/V	vii	o	64		V				o	0	0	0, 6, 3		6	0
319	319	1270	1270	2.0	0	0	2/2	1	1	V6		C	I		V6	V		6						M	0	0	5, 2, 1		1	5
319	319	1272	1272	2.0	1/2	1/2	2/2	1	1	v6		C	I		v6	v		6						m	0	0	-2, 2, 1		1	-2
320	320	1274	1274	2.0	0	0	2/2	1	1	VI		C	I		VI	VI								M	0	0	3, 7, 4		3	3
320	320	1276	1276	1.0	1/2	1/2	2/2	1	1	vi		C	I		vi	vi								m	0	0	3, 0, 4		3	3
320	320	1277	1277	1.0	3/4	3/4	2/2	1	1	viio/V		C	I		viio/V	vii	o			V				o	0	0	6, 3, 0		6	6
321	321	1278	1278	2.0	0	0	2/2	1	1	V		C	I		V	V								M	0	0	1, 5, 2		1	1
321	321	1280	1280	2.0	1/2	1/2	2/2	1	1	v		C	I		v	v								m	0	0	1, -2, 2		1	1
322	322	1282	1282	2.0	0	0	2/2	1	1	ii		C	I		ii	ii								m	0	0	2, -1, 3		2	2
322	322	1284	1284	2.0	1/2	1/2	2/2	1	1	V7		C	I		V7	V		7						Mm7	0	0	1, 5, 2, -1		1	1
323	323	1286	1286	4.0	0	0	2/2	1	1	I}		C	I		I	I							}	M	0	0	0, 4, 1		0	0
323	323	1287	1287	0.0	1/4	1/4	2/2	1	1	{		C	I										{		0	0				
324	324	1290	1290	4.0	0	0	2/2	1	1	V2/v		C	I		V2/v	V		2		v				Mm7	0	0	0, 2, 6, 3		2	0
325	325	1294	1294	4.0	0	0	2/2	1	1	v6		C	I		v6	v		6						m	0	0	-2, 2, 1		1	-2
326	326	1298	1298	4.0	0	0	2/2	1	1	V2/IV		C	I		V2/IV	V		2		IV				Mm7	0	0	-2, 0, 4, 1		0	-2
327	327	1302	1302	4.0	0	0	2/2	1	1	IV6		C	I		IV6	IV		6						M	0	0	3, 0, -1		-1	3
328	328	1306	1306	4.0	0	0	2/2	1	1	vii%7		C	I		vii%7	vii	%	7						%7	0	0	5, 2, -1, 3		5	5
329	329	1310	1310	2.0	0	0	2/2	1	1	I		C	I		I	I								M	0	0	0, 4, 1		0	0
329	329	1312	1312	2.0	1/2	1/2	2/2	1	1	vi6		C	I		vi6	vi		6						m	0	0	0, 4, 3		3	0
330	330	1314	1314	4.0	0	0	2/2	1	1	ii		C	I		ii	ii								m	0	0	2, -1, 3		2	2
331	331	1318	1318	3.0	0	0	2/2	1	1	I6		C	I		I6	I		6						M	0	0	4, 1, 0		0	4
331	331	1321	1321	1.0	3/4	3/4	2/2	1	1	viio/IV		C	I		viio/IV	vii	o			IV				o	0	0	4, 1, -2		4	4
332	332	1322	1322	2.0	0	0	2/2	1	1	ii6(2)		C	I		ii6(2)	ii		6	2					m	0	0	-1, 3, 4		2	-1
332	332	1324	1324	2.0	1/2	1/2	2/2	1	1	ii6		C	I		ii6	ii		6						m	0	0	-1, 3, 2		2	-1
333	333	1326	1326	2.0	0	0	2/2	1	1	viio64		C	I		viio64	vii	o	64						o	0	0	-1, 5, 2		5	-1
333	333	1328	1328	1.0	1/2	1/2	2/2	1	1	I6		C	I		I6	I		6						M	0	0	4, 1, 0		0	4
333	333	1329	1329	1.0	3/4	3/4	2/2	1	1	v64		C	I		v64	v		64						m	0	0	2, 1, -2		1	2
334	334	1330	1330	2.0	0	0	2/2	1	1	VI6		C	I		VI6	VI		6						M	0	0	7, 4, 3		3	7
334	334	1332	1332	1.0	1/2	1/2	2/2	1	1	vi6		C	I		vi6	vi		6						m	0	0	0, 4, 3		3	0
334	334	1333	1333	1.0	3/4	3/4	2/2	1	1	vii%43/V		C	I		vii%43/V	vii	%	43		V				%7	0	0	0, 4, 6, 3		6	0
335	335	1334	1334	2.0	0	0	2/2	1	1	V6		C	I		V6	V		6						M	0	0	5, 2, 1		1	5
335	335	1336	1336	1.0	1/2	1/2	2/2	1	1	v6		C	I		v6	v		6						m	0	0	-2, 2, 1		1	-2
335	335	1337	1337	1.0	3/4	3/4	2/2	1	1	viio64/IV		C	I		viio64/IV	vii	o	64		IV				o	0	0	-2, 4, 1		4	-2
336	336	1338	1338	1.0	0	0	2/2	1	1	IV6(14)		C	I		IV6(14)	IV		6	14					M	0	0	3, 0, -1	4	-1	3
336	336	1339	1339	3.0	1/4	1/4	2/2	1	1	IV6		C	I		IV6	IV		6						M	0	0	3, 0, -1		-1	3
337	337	1342	1342	4.0	0	0	2/2	1	1	I64		C	I		I64	I		64						M	0	0	1, 0, 4		0	1
338	338	1346	1346	2.0	0	0	2/2	1	1	ii6(2)		C	I		ii6(2)	ii		6	2					m	0	0	-1, 3, 4		2	-1
338	338	1348	1348	2.0	1/2	1/2	2/2	1	1	ii6		C	I		ii6	ii		6						m	0	0	-1, 3, 2		2	-1
339	339	1350	1350	2.0	0	0	2/2	1	1	I6(2)		C	I		I6(2)	I		6	2					M	0	0	4, 1, 2		0	4
339	339	1352	1352	2.0	1/2	1/2	2/2	1	1	vi		C	I		vi	vi								m	0	0	3, 0, 4		3	3
340	340	1354	1354	2.0	0	0	2/2	1	1	ii7		C	I		ii7	ii		7						mm7	0	0	2, -1, 3, 0		2	2
340	340	1356	1356	2.0	1/2	1/2	2/2	1	1	V7		C	I		V7	V		7						Mm7	0	0	1, 5, 2, -1		1	1
341	341	1358	1358	4.0	0	0	2/2	1	1	I}		C	I		I	I							}	M	0	0	0, 4, 1		0	0
341	341	1359	1359	0.0	1/4	1/4	2/2	1	1	{		C	I										{		0	0				
342	342	1362	1362	4.0	0	0	2/2	1	1	V2/IV		C	I		V2/IV	V		2		IV				Mm7	0	0	-2, 0, 4, 1		0	-2
343	343	1366	1366	4.0	0	0	2/2	1	1	IV6		C	I		IV6	IV		6						M	0	0	3, 0, -1		-1	3
344	344	1370	1370	4.0	0	0	2/2	1	1	V2/V		C	I		V2/V	V		2		V				Mm7	0	0	0, 2, 6, 3		2	0
345	345	1374	1374	2.0	0	0	2/2	1	1	V6		C	I		V6	V		6						M	0	0	5, 2, 1		1	5
345	345	1376	1376	2.0	1/2	1/2	2/2	1	1	iii		C	I		iii	iii								m	0	0	4, 1, 5		4	4
346	346	1378	1378	2.0	0	0	2/2	1	1	V7/ii		C	I		V7/ii	V		7		ii				Mm7	0	0	3, 7, 4, 1		3	3
346	346	1380	1380	2.0	1/2	1/2	2/2	1	1	ii		C	I		ii	ii								m	0	0	2, -1, 3		2	2
347	347	1382	1382	2.0	0	0	2/2	1	1	V7		C	I		V7	V		7						Mm7	0	0	1, 5, 2, -1		1	1
347	347	1384	1384	1.0	1/2	1/2	2/2	1	1	I		C	I		I	I								M	0	0	0, 4, 1		0	0
347	347	1385	1385	1.0	3/4	3/4	2/2	1	1	V2/IV		C	I		V2/IV	V		2		IV				Mm7	0	0	-2, 0, 4, 1		0	-2
348	348	1386	1386	2.0	0	0	2/2	1	1	IV6(14)		C	I		IV6(14)	IV		6	14					M	0	0	3, 0, -1	4	-1	3
348	348	1388	1388	2.0	1/2	1/2	2/2	1	1	IV6		C	I		IV6	IV		6						M	0	0	3, 0, -1		-1	3
349	349	1390	1390	5.0	0	0	2/2	1	1	V7		C	I		V7	V		7						Mm7	0	0	1, 5, 2, -1		1	1
350	350	1395	1395	1.0	1/4	1/4	2/2	1	1	I6		C	I		I6	I		6						M	0	0	4, 1, 0		0	4
350	350	1396	1396	1.0	1/2	1/2	2/2	1	1	viio6(2)		C	I		viio6(2)	vii	o	6	2					o	0	0	2, -1, 0		5	2
350	350	1397	1397	1.0	3/4	3/4	2/2	1	1	viio6		C	I		viio6	vii	o	6						o	0	0	2, -1, 5		5	2
351	351	1398	1398	2.0	0	0	2/2	1	1	bVI		C	I		bVI	bVI								M	0	0	-4, 0, -3		-4	-4
351	351	1400	1400	6.0	1/2	1/2	2/2	1	1	viio65/V		C	I		viio65/V	vii	o	65		V				o7	0	0	3, 0, -3, 6		6	3
353	353	1406	1406	7.0	0	0	2/2	1	1	V(64)		C	I		V(64)	V			64					M	0	0	1, 0, 4		1	1
354	354	1413	1413	1.0	3/4	3/4	2/2	1	1	V7		C	I		V7	V		7						Mm7	0	0	1, 5, 2, -1		1	1
355	355	1414	1414	2.0	0	0	2/2	1	1	I}		C	I		I	I							}	M	0	0	0, 4, 1		0	0
